"","Region","NewArea","NewArea2","Decile","N","Max","Min","Mean"
"1","Urban",1,"Sh_Arak","4",24,7844354.83870968,6938750,7369737.76217209
"2","Urban",1,"Sh_Arak","9",7,18757647.0588235,14920909.0909091,16254688.8291974
"3","Urban",1,"Sh_Arak","7",10,11901666.6666667,10466666.6666667,11201860.8214498
"4","Urban",1,"Sh_Arak","5",20,8895882.35294118,7902916.66666667,8451579.27891342
"5","Urban",1,"Sh_Arak","2",20,5767500,4763620.68965517,5233698.93288397
"6","Urban",1,"Sh_Arak","8",10,14647352.9411765,12284117.6470588,13181381.3630977
"7","Urban",1,"Sh_Arak","6",19,10402083.3333333,9029000,9695715.91115052
"8","Urban",1,"Sh_Arak","3",20,6702941.17647059,5814814.81481481,6220084.2407609
"9","Urban",1,"Sh_Arak","1",16,4509583.33333333,2261176.47058824,3881901.41358439
"10","Urban",1,"Sh_Arak","10",3,25222941.1764706,20496666.6666667,22749591.503268
"11","Urban",0,"Markazi","9",50,15391176.4705882,11604705.8823529,13090634.2601732
"12","Urban",0,"Markazi","4",44,6080000,5392352.94117647,5717650.03855706
"13","Urban",0,"Markazi","5",39,7035172.4137931,6162954.54545454,6577080.22133967
"14","Urban",0,"Markazi","6",50,8104545.45454545,7052758.62068966,7580126.83406223
"15","Urban",0,"Markazi","2",41,4503225.80645161,3647777.77777778,4085834.52912547
"16","Urban",0,"Markazi","1",44,3634315.78947368,1146774.19354839,3028134.36396282
"17","Urban",0,"Markazi","3",42,5310555.55555556,4536585.36585366,4906767.13493174
"18","Urban",0,"Markazi","7",51,9507727.27272727,8121764.70588235,8782480.76340886
"19","Urban",0,"Markazi","10",38,51193000,15480000,20176500.4695365
"20","Urban",0,"Markazi","8",42,11554705.8823529,9581379.31034483,10568148.3330166
"21","Urban",1,"Gilan","9",147,11386911.7647059,8594064.51612903,9896378.56958135
"22","Urban",1,"Gilan","8",105,8560500,7086580.64516129,7852263.02932538
"23","Urban",1,"Gilan","7",79,7063909.09090909,6019583.33333333,6550136.23951705
"24","Urban",1,"Gilan","4",54,4529000,3951176.47058824,4269005.83011635
"25","Urban",1,"Gilan","5",40,5207941.17647059,4548689.65517241,4890038.64484249
"26","Urban",1,"Gilan","2",18,3290000,2691354.16666667,3002723.36177837
"27","Urban",1,"Gilan","6",82,6010000,5212058.82352941,5648876.30403332
"28","Urban",1,"Gilan","10",165,141318000,11420588.2352941,16987657.0997748
"29","Urban",1,"Gilan","3",17,3919705.88235294,3368636.36363636,3683059.54761994
"30","Urban",1,"Gilan","1",12,2642395.83333333,1106250,2213196.03812949
"31","Urban",2,"Mazandaran","9",105,10468235.2941176,7874545.45454545,9155104.32673723
"32","Urban",2,"Mazandaran","10",163,59925416.6666667,10482258.0645161,16716335.6658745
"33","Urban",2,"Mazandaran","7",51,6492045.45454545,5559469.03225807,6050518.57583963
"34","Urban",2,"Mazandaran","8",78,7836363.63636364,6494074.07407407,7182222.56721658
"35","Urban",2,"Mazandaran","4",13,4158454.54545454,3671111.11111111,3957773.84888044
"36","Urban",2,"Mazandaran","5",18,4734117.64705882,4184517.24137931,4454610.35800166
"37","Urban",2,"Mazandaran","6",29,5510137.93103448,4785454.54545454,5172094.70772943
"38","Urban",2,"Mazandaran","2",9,3017586.20689655,2812903.22580645,2948752.83853877
"39","Urban",2,"Mazandaran","3",2,3509482.75862069,3223172.4137931,3366327.5862069
"40","Urban",3,"Az_Sharghi","10",58,39558333.3333333,10458823.5294118,15630874.3368733
"41","Urban",3,"Az_Sharghi","6",28,5401176.47058824,4711764.70588235,5074199.32923517
"42","Urban",3,"Az_Sharghi","3",20,3523529.41176471,3046000,3352265.46315863
"43","Urban",3,"Az_Sharghi","5",28,4672368.42105263,4106666.66666667,4366274.50906252
"44","Urban",3,"Az_Sharghi","7",37,6372916.66666667,5485294.11764706,5934329.67533311
"45","Urban",3,"Az_Sharghi","8",46,7704545.45454545,6403722.22222222,6989837.89530433
"46","Urban",3,"Az_Sharghi","9",47,10275000,7808064.51612903,8801585.52573143
"47","Urban",3,"Az_Sharghi","2",16,3013636.36363636,2571250,2782593.86588887
"48","Urban",303,"Sh_Tabriz","1",24,3603208.33333333,1823548.38709677,3059883.26519463
"49","Urban",303,"Sh_Tabriz","2",28,4535294.11764706,3746419.35483871,4138198.60496996
"50","Urban",303,"Sh_Tabriz","4",36,6167647.05882353,5365000,5791863.19827144
"51","Urban",303,"Sh_Tabriz","3",32,5350172.4137931,4572045.45454545,4956714.21076336
"52","Urban",303,"Sh_Tabriz","9",21,15427941.1764706,11667636.3636364,13347131.7075774
"53","Urban",303,"Sh_Tabriz","8",26,11415208.3333333,9622250,10512087.8365652
"54","Urban",303,"Sh_Tabriz","5",29,7082777.77777778,6211551.72413793,6641418.00567985
"55","Urban",303,"Sh_Tabriz","10",40,42560000,15604500,23154033.3334187
"56","Urban",303,"Sh_Tabriz","7",27,9568750,8235818.18181818,8939715.38838123
"57","Urban",303,"Sh_Tabriz","6",29,8074659.09090909,7132941.17647059,7537055.21305382
"58","Urban",3,"Az_Sharghi","4",19,4096315.78947368,3566055.55555556,3826169.56439284
"59","Urban",3,"Az_Sharghi","1",11,2425000,630000,1747301.39887721
"60","Urban",401,"Sh_Urmia","8",14,8295882.35294118,7005740.74074074,7618201.75634691
"61","Urban",401,"Sh_Urmia","7",6,6802272.72727273,6005625,6437096.59090909
"62","Urban",401,"Sh_Urmia","10",21,25212931.0344828,11330882.3529412,15198423.8529732
"63","Urban",401,"Sh_Urmia","6",15,5719259.25925926,5057407.40740741,5482252.70534876
"64","Urban",401,"Sh_Urmia","4",4,4306111.11111111,3841176.47058824,4149934.92224476
"65","Urban",401,"Sh_Urmia","3",6,3760681.81818182,3316392.77777778,3544240.5056743
"66","Urban",401,"Sh_Urmia","5",5,4838750,4577272.72727273,4688891.41414141
"67","Urban",401,"Sh_Urmia","2",1,2748627.45098039,2748627.45098039,2748627.45098039
"68","Urban",401,"Sh_Urmia","9",13,11025344.8275862,8316590.90909091,9458719.93981948
"69","Urban",401,"Sh_Urmia","1",1,1297058.82352941,1297058.82352941,1297058.82352941
"70","Urban",4,"Az_Gharbi","4",51,5711481.48148148,4950000,5295549.34064245
"71","Urban",4,"Az_Gharbi","10",13,32970588.2352941,15597777.7777778,20409187.2449333
"72","Urban",4,"Az_Gharbi","6",62,7547727.27272727,6556363.63636364,7016192.26756381
"73","Urban",4,"Az_Gharbi","9",38,14161000,10821000,12084696.5481113
"74","Urban",4,"Az_Gharbi","8",40,10694193.5483871,8921481.48148148,9756799.26720589
"75","Urban",4,"Az_Gharbi","7",47,8805000,7564611.11111111,8207576.62527698
"76","Urban",4,"Az_Gharbi","2",55,4221681.81818182,3390000,3846882.09720751
"77","Urban",4,"Az_Gharbi","5",52,6546666.66666667,5738235.29411765,6117028.84404428
"78","Urban",4,"Az_Gharbi","3",36,4937708.33333333,4225000,4613757.21415916
"79","Urban",4,"Az_Gharbi","1",44,3362368.42105263,1004000,2628354.11683351
"80","Urban",5,"Kermanshah","8",74,10459516.1290323,8679176.47058824,9425292.29298571
"81","Urban",5,"Kermanshah","5",44,6354411.76470588,5584166.66666667,5958437.87944793
"82","Urban",5,"Kermanshah","6",64,7356774.19354839,6407272.72727273,6850953.32986565
"83","Urban",5,"Kermanshah","7",57,8656458.33333333,7408823.52941176,8043441.41169924
"84","Urban",5,"Kermanshah","9",69,13961387.0967742,10510000,11846655.1516163
"85","Urban",5,"Kermanshah","4",45,5567387.09677419,4821718.75,5179821.846655
"86","Urban",5,"Kermanshah","2",28,4110111.11111111,3305161.29032258,3709686.58446638
"87","Urban",5,"Kermanshah","10",43,45454545.4545455,14086148.1481481,17826884.918333
"88","Urban",5,"Kermanshah","1",19,3269687.5,1815865.38461538,2823218.09777872
"89","Urban",5,"Kermanshah","3",30,4767468.75,4118578.94736842,4521384.57926854
"90","Urban",502,"Sh_Kermanshah","8",22,10499045.4545455,8829235.29411765,9563014.93521385
"91","Urban",502,"Sh_Kermanshah","1",5,3290208.33333333,2498155.55555556,2995970.22767827
"92","Urban",502,"Sh_Kermanshah","3",12,4877083.33333333,4209296.875,4514683.3407231
"93","Urban",502,"Sh_Kermanshah","2",11,4112777.77777778,3533447.36842105,3846811.74524204
"94","Urban",502,"Sh_Kermanshah","9",23,13940645.1612903,10706583.3333333,12312625.7100832
"95","Urban",502,"Sh_Kermanshah","10",29,77733529.4117647,14309032.2580645,26057250.4690379
"96","Urban",502,"Sh_Kermanshah","5",25,6362772.72727273,5664181.81818182,5996528.38216906
"97","Urban",502,"Sh_Kermanshah","7",24,8803882.35294118,7513781.25,8144277.69047033
"98","Urban",502,"Sh_Kermanshah","4",17,5650000,4917604.65116279,5279307.12400529
"99","Urban",502,"Sh_Kermanshah","6",24,7404333.33333333,6566666.66666667,6985637.43453231
"100","Urban",6,"Khoozestan","2",66,4845312.5,3908148.14814815,4369144.63368205
"101","Urban",6,"Khoozestan","1",91,3887407.40740741,1238636.36363636,3227511.58882903
"102","Urban",6,"Khoozestan","6",37,8626451.61290323,7535483.87096774,7982959.9842075
"103","Urban",6,"Khoozestan","4",48,6552962.96296296,5695161.29032258,6147729.75335956
"104","Urban",6,"Khoozestan","5",44,7484861.11111111,6582352.94117647,7033329.31181728
"105","Urban",6,"Khoozestan","8",28,12086666.6666667,10288235.2941176,11027482.0098378
"106","Urban",6,"Khoozestan","7",30,10215116.2790698,8702909.09090909,9414921.29346005
"107","Urban",6,"Khoozestan","3",71,5685937.5,4870689.65517241,5311804.80265387
"108","Urban",6,"Khoozestan","10",12,35261481.4814815,17216137.9310345,22779347.4913586
"109","Urban",6,"Khoozestan","9",21,16159210.5263158,12422962.962963,13913770.2129593
"110","Urban",603,"Sh_Ahvaz","4",14,6869705.88235294,6065348.8372093,6453019.80810344
"111","Urban",603,"Sh_Ahvaz","10",52,54524137.9310345,17665454.5454545,25992088.9903163
"112","Urban",603,"Sh_Ahvaz","7",16,10669473.6842105,9353703.7037037,10033767.9114677
"113","Urban",603,"Sh_Ahvaz","1",16,4075937.5,2379687.5,3249614.11276061
"114","Urban",603,"Sh_Ahvaz","6",17,9065161.29032258,8008545.45454545,8488645.26701419
"115","Urban",603,"Sh_Ahvaz","5",18,7872758.62068966,7042631.57894737,7396927.79658379
"116","Urban",603,"Sh_Ahvaz","3",14,6020000,5163783.78378378,5552676.09749909
"117","Urban",603,"Sh_Ahvaz","9",36,17322000,13165972.2222222,15042840.2941943
"118","Urban",603,"Sh_Ahvaz","8",19,13092222.2222222,10879411.7647059,11734624.6561971
"119","Urban",603,"Sh_Ahvaz","2",13,5101176.47058824,4227500,4715890.21683827
"120","Urban",7,"Fars","3",43,5947208.33333333,5135172.4137931,5542633.69811856
"121","Urban",7,"Fars","4",45,6882258.06451613,5965833.33333333,6395544.35375835
"122","Urban",7,"Fars","7",29,10690000,9162941.17647059,9995697.92344888
"123","Urban",7,"Fars","5",64,7886296.2962963,6888888.88888889,7379225.35814615
"124","Urban",7,"Fars","2",52,5062962.96296296,4080000,4545635.43260468
"125","Urban",7,"Fars","1",64,4066315.78947368,642823.529411765,3132740.50435332
"126","Urban",7,"Fars","9",23,16703000,13381176.4705882,14636433.1775591
"127","Urban",7,"Fars","10",11,134438235.294118,17289000,31639739.7304934
"128","Urban",7,"Fars","6",44,9046818.18181818,7889411.76470588,8320042.69586522
"129","Urban",7,"Fars","8",24,12871590.9090909,10723674.4186047,11852570.0305489
"130","Urban",707,"Sh_Shiraz","3",21,5722586.20689655,4903953.48837209,5320158.63525169
"131","Urban",707,"Sh_Shiraz","4",30,6586818.18181818,5738518.51851852,6113860.5006712
"132","Urban",707,"Sh_Shiraz","2",7,4838806.4516129,3997884.61538462,4413608.05645884
"133","Urban",707,"Sh_Shiraz","8",33,12465833.3333333,10340322.5806452,11240646.7733191
"134","Urban",707,"Sh_Shiraz","6",34,8717222.22222222,7608750,8072474.23499152
"135","Urban",707,"Sh_Shiraz","9",41,16450967.7419355,12507647.0588235,14163374.7290775
"136","Urban",707,"Sh_Shiraz","5",33,7583333.33333333,6640294.11764706,7116086.00796211
"137","Urban",707,"Sh_Shiraz","10",52,68867647.0588235,16740416.6666667,25994983.7027391
"138","Urban",707,"Sh_Shiraz","7",37,10293529.4117647,8769411.76470588,9500884.97381588
"139","Urban",707,"Sh_Shiraz","1",4,3889629.62962963,2223333.33333333,3396454.41595442
"140","Urban",8,"Kerman","3",62,5001612.90322581,4316458.33333333,4633392.6683076
"141","Urban",8,"Kerman","1",128,3440000,1410600,2770738.84002663
"142","Urban",8,"Kerman","2",73,4272941.17647059,3461176.47058824,3803509.52744016
"143","Urban",8,"Kerman","4",60,5795000,5058000,5407302.45328967
"144","Urban",8,"Kerman","5",36,6666666.66666667,5845555.55555556,6233181.44407255
"145","Urban",8,"Kerman","6",21,7686296.2962963,6680909.09090909,7075033.32873554
"146","Urban",8,"Kerman","8",11,10912647.0588235,9340277.77777778,9971753.80363348
"147","Urban",8,"Kerman","7",16,8995833.33333333,7766117.64705882,8236026.50835072
"148","Urban",8,"Kerman","9",13,14590322.5806452,11551000,12758403.5361708
"149","Urban",8,"Kerman","10",8,36790909.0909091,14972361.1111111,21253624.6657754
"150","Urban",808,"Sh_Kerman","1",20,4525208.33333333,1978684.21052632,3454351.26543879
"151","Urban",808,"Sh_Kerman","4",9,7570208.33333333,6847727.27272727,7139674.63854229
"152","Urban",808,"Sh_Kerman","5",10,8972916.66666667,7959629.62962963,8456608.52702905
"153","Urban",808,"Sh_Kerman","6",9,10215294.1176471,9183863.63636363,9627527.98437383
"154","Urban",808,"Sh_Kerman","7",6,12087916.6666667,10479705.8823529,11248039.3292838
"155","Urban",808,"Sh_Kerman","2",14,5715363.63636364,4775833.33333333,5241414.25180144
"156","Urban",808,"Sh_Kerman","8",7,14125000,12195657.8947368,13220932.0570774
"157","Urban",808,"Sh_Kerman","10",2,36869000,29187647.0588235,33028323.5294118
"158","Urban",808,"Sh_Kerman","9",2,18813181.8181818,18575294.1176471,18694237.9679144
"159","Urban",808,"Sh_Kerman","3",9,6651250,5940967.74193548,6229125.68168956
"160","Urban",9,"Khorasan_Razavi","10",31,63395833.3333333,14623722.2222222,20384242.2817131
"161","Urban",9,"Khorasan_Razavi","6",35,7668888.88888889,6675296.2962963,7135646.58472124
"162","Urban",9,"Khorasan_Razavi","4",45,5785185.18518518,5061034.48275862,5492582.3333158
"163","Urban",9,"Khorasan_Razavi","3",41,5028235.29411765,4298270.58823529,4667621.48515287
"164","Urban",9,"Khorasan_Razavi","1",39,3437586.20689655,1675555.55555556,2866400.28224421
"165","Urban",9,"Khorasan_Razavi","7",34,9030235.29411765,7724074.07407407,8354206.30985517
"166","Urban",9,"Khorasan_Razavi","9",37,14306818.1818182,10990740.7407407,12544076.3678525
"167","Urban",9,"Khorasan_Razavi","2",40,4266896.55172414,3473074.07407407,3911944.32675898
"168","Urban",9,"Khorasan_Razavi","8",37,10862074.0740741,9043409.09090909,9814635.81843444
"169","Urban",9,"Khorasan_Razavi","5",38,6636811.76470588,5834636.36363636,6222788.9180521
"170","Urban",916,"Sh_Mashhad","10",74,55370588.2352941,13514791.6666667,19886203.0947431
"171","Urban",916,"Sh_Mashhad","8",49,10071818.1818182,8359411.76470588,9156576.05565502
"172","Urban",916,"Sh_Mashhad","6",43,7101111.11111111,6155172.4137931,6626577.07245983
"173","Urban",916,"Sh_Mashhad","9",57,13354545.4545455,10190833.3333333,11538018.1123517
"174","Urban",916,"Sh_Mashhad","4",37,5369791.66666667,4650416.66666667,4958299.04027579
"175","Urban",916,"Sh_Mashhad","5",31,6057219.31034483,5402083.33333333,5730278.793631
"176","Urban",916,"Sh_Mashhad","2",17,3879862.06896552,3221291.66666667,3548996.8852018
"177","Urban",916,"Sh_Mashhad","7",40,8304661.29032258,7157148.14814815,7765932.79683277
"178","Urban",916,"Sh_Mashhad","1",17,3162500,1912500,2669951.33548856
"179","Urban",916,"Sh_Mashhad","3",23,4633764.70588235,4002272.72727273,4275722.69274857
"180","Urban",10,"Esfahan","5",39,7216000,6316612.90322581,6768079.20728412
"181","Urban",10,"Esfahan","2",45,4631176.47058824,3734000,4256357.90018238
"182","Urban",10,"Esfahan","1",23,3715925.92592593,1757741.93548387,3167634.87283868
"183","Urban",10,"Esfahan","3",45,5444117.64705882,4661764.70588235,5059758.59428791
"184","Urban",1002,"Sh_Esfahan","9",63,16135116.2790698,12152586.2068966,13955712.4115057
"185","Urban",1002,"Sh_Esfahan","4",20,6419090.90909091,5580454.54545454,5952246.93493027
"186","Urban",1002,"Sh_Esfahan","7",40,10016666.6666667,8532894.73684211,9291457.34881827
"187","Urban",1002,"Sh_Esfahan","8",61,12065588.2352941,10022407.4074074,11053351.5046081
"188","Urban",1002,"Sh_Esfahan","10",63,137930689.655172,16518522.7272727,28723683.8296599
"189","Urban",1002,"Sh_Esfahan","5",27,7339062.5,6474193.5483871,6977321.79858649
"190","Urban",1002,"Sh_Esfahan","6",40,8499473.68421053,7414516.12903226,7886442.45651587
"191","Urban",1002,"Sh_Esfahan","3",15,5362916.66666667,4791935.48387097,5089393.92864878
"192","Urban",1002,"Sh_Esfahan","1",8,3737500,2094772.72727273,3251534.34467221
"193","Urban",1002,"Sh_Esfahan","2",9,4741818.18181818,3914482.75862069,4368401.16950876
"194","Urban",10,"Esfahan","6",32,8293333.33333333,7274705.88235294,7785145.50562708
"195","Urban",10,"Esfahan","9",24,15368750,11941000,13770137.9933881
"196","Urban",10,"Esfahan","7",36,9664791.66666667,8345833.33333333,8974282.83323063
"197","Urban",10,"Esfahan","8",29,11612500,9805000,10589971.2286065
"198","Urban",10,"Esfahan","4",45,6265454.54545454,5459166.66666667,5921555.14831515
"199","Urban",10,"Esfahan","10",21,57567105.2631579,15936000,23907169.2433915
"200","Urban",11,"Sistan","2",75,3522500,2829000,3179315.24354653
"201","Urban",11,"Sistan","1",242,2822954.54545455,543703.703703704,2062436.66142539
"202","Urban",11,"Sistan","10",19,26617241.3793103,12515909.0909091,16792732.9779484
"203","Urban",11,"Sistan","5",55,5458125,4777272.72727273,5078167.44536521
"204","Urban",11,"Sistan","4",52,4770454.54545454,4133906.25,4451615.90370918
"205","Urban",11,"Sistan","3",66,4126818.18181818,3537254.90196078,3826629.63847871
"206","Urban",11,"Sistan","8",39,8970000,7541136.36363636,8205017.67485533
"207","Urban",11,"Sistan","6",45,6308333.33333333,5488095.23809524,5958793.92362842
"208","Urban",11,"Sistan","7",34,7398518.51851852,6355000,6889475.81848752
"209","Urban",11,"Sistan","9",21,11959705.8823529,8997058.82352941,10337298.306851
"210","Urban",1105,"Sh_Zahedan","10",28,70241176.4705882,12240697.6744186,21919298.7831212
"211","Urban",1105,"Sh_Zahedan","9",11,11728181.8181818,9104545.45454545,10279450.194728
"212","Urban",1105,"Sh_Zahedan","5",10,5444193.5483871,4858823.52941176,5102232.55607698
"213","Urban",1105,"Sh_Zahedan","4",18,4754074.07407407,4139056.60377359,4491776.00947732
"214","Urban",1105,"Sh_Zahedan","7",18,7252083.33333333,6321875,6739763.90720965
"215","Urban",1105,"Sh_Zahedan","6",7,6157352.94117647,5895609.75609756,6016789.99962822
"216","Urban",1105,"Sh_Zahedan","3",12,4102941.17647059,3530000,3795682.77873774
"217","Urban",1105,"Sh_Zahedan","8",13,8993243.24324324,7560294.11764706,8070925.23911443
"218","Urban",1105,"Sh_Zahedan","1",23,2816037.73584906,1300000,2154057.3649408
"219","Urban",1105,"Sh_Zahedan","2",13,3426129.03225806,2889655.17241379,3138594.45028163
"220","Urban",12,"Kordestan","5",70,7464097.22222222,6518294.11764706,7008582.77265385
"221","Urban",12,"Kordestan","4",74,6504000,5679137.93103448,6119963.94768798
"222","Urban",12,"Kordestan","2",48,4781162.79069767,3928518.51851852,4454115.44459936
"223","Urban",12,"Kordestan","1",33,3816888.88888889,1933064.51612903,3121018.3679467
"224","Urban",12,"Kordestan","3",61,5630161.29032258,4816250,5213443.50926557
"225","Urban",12,"Kordestan","6",61,8541666.66666667,7525882.35294118,7978713.16861103
"226","Urban",12,"Kordestan","8",47,12259318.1818182,10296724.137931,11128437.3648112
"227","Urban",12,"Kordestan","7",67,10134558.8235294,8629259.25925926,9283369.89066879
"228","Urban",12,"Kordestan","10",16,23925294.1176471,16364941.1764706,19203224.7986393
"229","Urban",12,"Kordestan","9",28,15666960,12293000,13729198.178457
"230","Urban",13,"Hamedan","8",70,7906896.55172414,6583777.77777778,7184532.39869506
"231","Urban",13,"Hamedan","4",49,4219090.90909091,3658823.52941176,3907149.62291686
"232","Urban",13,"Hamedan","3",32,3647368.42105263,3120833.33333333,3449762.06260323
"233","Urban",13,"Hamedan","2",37,3078947.36842105,2533823.52941176,2847812.56757135
"234","Urban",13,"Hamedan","7",70,6558823.52941176,5583870.96774194,6033100.29119884
"235","Urban",13,"Hamedan","6",83,5582916.66666667,4843333.33333333,5195123.65162614
"236","Urban",13,"Hamedan","9",83,10567586.2068966,7991034.48275862,9075753.45160682
"237","Urban",13,"Hamedan","5",60,4817741.93548387,4235185.18518518,4544044.63585741
"238","Urban",13,"Hamedan","10",50,26709166.6666667,10657727.2727273,15032966.2511613
"239","Urban",13,"Hamedan","1",17,2325925.92592593,922000,1766528.76243553
"240","Urban",1304,"Sh_Hamedan","3",20,5030645.16129032,4330689.65517241,4704818.08865154
"241","Urban",1304,"Sh_Hamedan","1",6,3381481.48148148,2394067.79661017,3032691.5713123
"242","Urban",1304,"Sh_Hamedan","4",16,5797058.82352941,5155882.35294118,5508652.81463329
"243","Urban",1304,"Sh_Hamedan","10",40,228367647.058824,14750000,30398631.5545784
"244","Urban",1304,"Sh_Hamedan","6",23,7717083.33333333,6753409.09090909,7261853.32607788
"245","Urban",1304,"Sh_Hamedan","8",26,11004166.6666667,9181000,10105326.3455101
"246","Urban",1304,"Sh_Hamedan","5",13,6411111.11111111,5853548.38709677,6100308.21583715
"247","Urban",1304,"Sh_Hamedan","9",26,14611764.7058824,11355294.1176471,12706240.4168522
"248","Urban",1304,"Sh_Hamedan","7",24,9002000,7788235.29411765,8296376.77700364
"249","Urban",1304,"Sh_Hamedan","2",21,4302272.72727273,3467037.03703704,3930345.03371404
"250","Urban",14,"Chaharmahal","2",116,6342000,5112837.83783784,5746237.98747412
"251","Urban",14,"Chaharmahal","3",101,7433387.09677419,6373333.33333333,6882666.66712537
"252","Urban",14,"Chaharmahal","7",43,13390555.5555556,11422083.3333333,12373791.4957449
"253","Urban",14,"Chaharmahal","6",44,11251363.6363636,9878965.51724138,10406920.1798889
"254","Urban",14,"Chaharmahal","4",82,8605037.03703704,7477037.03703704,8010354.06456151
"255","Urban",14,"Chaharmahal","5",63,9865909.09090909,8648387.09677419,9241796.52366219
"256","Urban",14,"Chaharmahal","1",150,5080852.94117647,1538400,4078480.58907065
"257","Urban",14,"Chaharmahal","10",13,78824705.8823529,21616818.1818182,29931564.7645502
"258","Urban",14,"Chaharmahal","9",31,21136470.5882353,16239950,18382212.4430248
"259","Urban",14,"Chaharmahal","8",33,16074259.2592593,13422741.9354839,14728572.4298232
"260","Urban",15,"Lorestan","6",64,6093382.35294118,5291029.41176471,5680756.61452094
"261","Urban",15,"Lorestan","7",73,7145514.70588235,6101562.5,6641976.22760557
"262","Urban",15,"Lorestan","9",48,11464629.6296296,8705058.82352941,9869831.03957272
"263","Urban",15,"Lorestan","8",57,8660185.18518518,7186851.85185185,7981875.8597547
"264","Urban",15,"Lorestan","5",51,5281323.52941176,4630930.23255814,4963368.39425582
"265","Urban",15,"Lorestan","3",37,3970147.05882353,3425625,3718092.18804188
"266","Urban",15,"Lorestan","10",45,63825967.7419355,11566296.2962963,17443812.4318549
"267","Urban",15,"Lorestan","4",45,4601481.48148148,3994318.18181818,4297763.07836004
"268","Urban",15,"Lorestan","2",33,3385000,2735090.90909091,3038613.22741922
"269","Urban",15,"Lorestan","1",20,2716527.77777778,1639750,2368944.18163937
"270","Urban",16,"Ilam","4",53,5137647.05882353,4492555.55555556,4836823.01834087
"271","Urban",16,"Ilam","7",55,8002636.36363636,6839705.88235294,7350656.28521026
"272","Urban",16,"Ilam","6",72,6814705.88235294,5913870.96774194,6324946.14793367
"273","Urban",16,"Ilam","5",63,5892272.72727273,5161359.375,5488051.16084347
"274","Urban",16,"Ilam","3",38,4454074.07407407,3824193.5483871,4197384.36048773
"275","Urban",16,"Ilam","8",64,9696470.58823529,8029411.76470588,8690570.28251866
"276","Urban",16,"Ilam","1",24,3048965.51724138,1252941.17647059,2472209.7237901
"277","Urban",16,"Ilam","2",42,3794500,3072916.66666667,3464152.41538721
"278","Urban",16,"Ilam","10",27,163172000,12945000,23481912.285338
"279","Urban",16,"Ilam","9",40,12771176.4705882,9849750,11183604.4954919
"280","Urban",17,"Kohkilooye","2",83,5860645.16129032,4730312.5,5317244.27615446
"281","Urban",17,"Kohkilooye","3",75,6855454.54545454,5882962.96296296,6409686.89972647
"282","Urban",17,"Kohkilooye","6",71,10494444.4444444,9112068.96551724,9819361.32812807
"283","Urban",17,"Kohkilooye","5",64,9066774.19354839,7945000,8429331.4708676
"284","Urban",17,"Kohkilooye","1",59,4677674.41860465,2290588.23529412,3967866.19918043
"285","Urban",17,"Kohkilooye","4",61,7941290.32258065,6879411.76470588,7426024.41580288
"286","Urban",17,"Kohkilooye","10",16,35396875,20424137.9310345,24277172.9088382
"287","Urban",17,"Kohkilooye","7",52,12337812.5,10518125,11397375.6407259
"288","Urban",17,"Kohkilooye","9",24,19561111.1111111,15017647.0588235,16858336.8406285
"289","Urban",17,"Kohkilooye","8",34,14633181.8181818,12400000,13566132.2092309
"290","Urban",18,"Booshehr","10",47,63961200,14571363.6363636,19291363.3404904
"291","Urban",18,"Booshehr","9",66,14135185.1851852,10823454.5454545,12265398.5555995
"292","Urban",18,"Booshehr","6",73,7578125,6593000,7088455.24417258
"293","Urban",18,"Booshehr","4",65,5732777.77777778,4971363.63636364,5400836.3702048
"294","Urban",18,"Booshehr","5",66,6552962.96296296,5743529.41176471,6125715.4967104
"295","Urban",18,"Booshehr","3",49,4965967.74193548,4251875,4593826.35789636
"296","Urban",18,"Booshehr","1",29,3312500,1987407.40740741,2844771.09912515
"297","Urban",18,"Booshehr","8",74,10776818.1818182,8931764.70588235,9733467.22125303
"298","Urban",18,"Booshehr","2",49,4226250,3403684.21052632,3802535.45192288
"299","Urban",18,"Booshehr","7",63,8919545.45454545,7648048.78048781,8281498.27470918
"300","Urban",19,"Zanjan","3",24,3949896.55172414,3444037.03703704,3729116.19960473
"301","Urban",19,"Zanjan","5",47,5255000,4602703.7037037,4964000.8204509
"302","Urban",19,"Zanjan","6",60,6064910.52631579,5273888.88888889,5682906.59329377
"303","Urban",19,"Zanjan","2",21,3364296.77419355,2742000,3060704.46696285
"304","Urban",19,"Zanjan","9",112,11499215.5882353,8661750,9956646.41550845
"305","Urban",19,"Zanjan","7",74,7132803.44827586,6075375,6630750.66243148
"306","Urban",19,"Zanjan","4",49,4573888.88888889,3989693.5483871,4275475.84172077
"307","Urban",19,"Zanjan","1",18,2684000,1069110,2025862.68125207
"308","Urban",19,"Zanjan","8",102,8632058.82352941,7157655.17241379,7853956.15718469
"309","Urban",19,"Zanjan","10",98,83441608.6206897,11535900,16277215.8169621
"310","Urban",20,"Semnan","6",65,5658636.36363636,4919886.36363636,5263596.00587453
"311","Urban",20,"Semnan","5",56,4913041.66666667,4311935.48387097,4655060.55033455
"312","Urban",20,"Semnan","7",61,6664204.54545454,5679411.76470588,6161742.90472754
"313","Urban",20,"Semnan","10",64,53825000,10798620.6896552,15788701.8569779
"314","Urban",20,"Semnan","1",13,2468518.51851852,1575980.39215686,2148580.98705505
"315","Urban",20,"Semnan","8",70,8072000,6685294.11764706,7337811.4963985
"316","Urban",20,"Semnan","9",71,10727941.1764706,8140000,9168672.34840386
"317","Urban",20,"Semnan","3",24,3711363.63636364,3230000,3505762.97990037
"318","Urban",20,"Semnan","4",42,4288235.29411765,3720568.18181818,4036013.24438868
"319","Urban",20,"Semnan","2",14,3054814.81481481,2579310.34482759,2864482.34662313
"320","Urban",21,"Yazd","1",33,3290291.66666667,1303703.7037037,2581944.37955703
"321","Urban",21,"Yazd","7",55,8662368.42105263,7406206.89655172,8037902.76513457
"322","Urban",21,"Yazd","2",34,4121875,3425191.03448276,3830671.84070407
"323","Urban",21,"Yazd","5",47,6390322.58064516,5592000,5971256.34662715
"324","Urban",21,"Yazd","4",44,5584843.75,4832333.33333333,5237510.97969998
"325","Urban",21,"Yazd","10",30,64122564.516129,14179078.9473684,20573977.8695835
"326","Urban",21,"Yazd","8",47,10495000,8735882.35294118,9647437.15575233
"327","Urban",21,"Yazd","6",50,7367083.33333333,6403703.7037037,6866464.66762116
"328","Urban",21,"Yazd","3",38,4831000,4138958.33333333,4452267.39458316
"329","Urban",21,"Yazd","9",43,13904705.8823529,10523767.6744186,12038686.3183291
"330","Urban",2105,"Sh_Yazd","7",31,9692352.94117647,8341842.10526316,8990838.20590524
"331","Urban",2105,"Sh_Yazd","6",19,8240416.66666667,7216296.2962963,7705874.81555312
"332","Urban",2105,"Sh_Yazd","9",22,15598529.4117647,11935925.9259259,13427740.1582762
"333","Urban",2105,"Sh_Yazd","5",19,7126129.03225807,6301935.48387097,6697982.83927623
"334","Urban",2105,"Sh_Yazd","3",18,5433448.27586207,4684705.88235294,5017984.97472901
"335","Urban",2105,"Sh_Yazd","10",17,62149500,16070722.2222222,23697213.774791
"336","Urban",2105,"Sh_Yazd","8",21,11773793.1034483,9792352.94117647,10698893.4749049
"337","Urban",2105,"Sh_Yazd","2",11,4527235.29411765,3763918.91891892,4121400.57331969
"338","Urban",2105,"Sh_Yazd","4",13,6236296.2962963,5455185.18518518,5835810.40861787
"339","Urban",2105,"Sh_Yazd","1",12,3593536.58536585,1754000,2836620.68670848
"340","Urban",22,"Hormozgan","3",71,6384638.88888889,5457279.41176471,5957698.19131361
"341","Urban",22,"Hormozgan","2",82,5436000,4379274.07407407,4881682.53622037
"342","Urban",2202,"Sh_Bandarabas","5",19,9381770.83333333,8229911.76470588,8881606.23884342
"343","Urban",2202,"Sh_Bandarabas","3",29,6959482.75862069,6061481.48148148,6551728.9174049
"344","Urban",2202,"Sh_Bandarabas","6",15,10819000,9397800,10106271.8187539
"345","Urban",2202,"Sh_Bandarabas","4",24,8120000,7134444.44444444,7624255.41064306
"346","Urban",2202,"Sh_Bandarabas","1",56,4738888.88888889,1522619.04761905,3615075.9055561
"347","Urban",2202,"Sh_Bandarabas","8",23,15420363.6363636,12756613.6363636,13893316.1718736
"348","Urban",2202,"Sh_Bandarabas","2",39,6046296.2962963,4909277.77777778,5510224.31324538
"349","Urban",2202,"Sh_Bandarabas","9",13,19196000,15549588.2352941,17152741.6571446
"350","Urban",2202,"Sh_Bandarabas","7",23,12707703.7037037,10986818.1818182,12031134.661628
"351","Urban",2202,"Sh_Bandarabas","10",10,514731000,20991870.9677419,77636519.9498144
"352","Urban",22,"Hormozgan","7",53,11408227.2727273,9789418.60465116,10540110.2735088
"353","Urban",22,"Hormozgan","9",39,18265185.1851852,14062740.7407407,16031764.5078353
"354","Urban",22,"Hormozgan","5",55,8442272.72727273,7382029.41176471,7939710.3793007
"355","Urban",22,"Hormozgan","1",115,4364117.64705882,1792187.5,3378787.70048875
"356","Urban",22,"Hormozgan","8",58,13780740.7407407,11494074.0740741,12410911.067224
"357","Urban",22,"Hormozgan","10",46,41855882.3529412,18521764.7058824,25023331.7710686
"358","Urban",22,"Hormozgan","6",55,9747226.66666667,8458823.52941176,9083670.63413539
"359","Urban",22,"Hormozgan","4",70,7361470.58823529,6393225.80645161,6891830.12614543
"360","Urban",2301,"Sh_Tehran","10",178,160092750,29777400,44096103.716014
"361","Urban",2301,"Sh_Tehran","2",59,8736444.44444445,7036222.22222222,7966412.946946
"362","Urban",2301,"Sh_Tehran","6",93,15656333.3333333,13605588.2352941,14559910.4197219
"363","Urban",2301,"Sh_Tehran","4",84,11838181.8181818,10271111.1111111,11089930.7132595
"364","Urban",2301,"Sh_Tehran","7",108,18409647.0588235,15688444.4444444,16979710.7377039
"365","Urban",2301,"Sh_Tehran","9",145,29585625,22344444.4444444,25949640.8527853
"366","Urban",2301,"Sh_Tehran","8",121,22330000,18466705.8823529,20458595.7683862
"367","Urban",2301,"Sh_Tehran","1",55,6981416.66666667,2813621.62162162,5685508.10884858
"368","Urban",2301,"Sh_Tehran","5",97,13590200,11868789.4736842,12753988.5032902
"369","Urban",2301,"Sh_Tehran","3",76,10232263.1578947,8758931.03448276,9532904.02214241
"370","Urban",23,"Tehran","8",27,15158518.5185185,12709600,13768286.0617671
"371","Urban",23,"Tehran","3",97,7038823.52941176,6014666.66666667,6517394.34390934
"372","Urban",23,"Tehran","10",12,57108750,20719411.7647059,27455146.3823013
"373","Urban",23,"Tehran","5",40,9298000,8138080,8686616.26122787
"374","Urban",23,"Tehran","7",37,12552352.9411765,10766206.8965517,11531655.4320027
"375","Urban",23,"Tehran","6",41,10741000,9354074.07407407,10052636.8185285
"376","Urban",23,"Tehran","9",15,20285000,15391000,16886601.0819773
"377","Urban",23,"Tehran","2",105,5991250,4830882.35294118,5442772.33453283
"378","Urban",23,"Tehran","4",57,8136111.11111111,7040483.87096774,7512055.99124451
"379","Urban",23,"Tehran","1",80,4804222.22222222,2880000,4144009.22087127
"380","Urban",24,"Ardebil","8",31,11044545.4545455,9396590.90909091,10398613.7257747
"381","Urban",24,"Ardebil","10",23,47938000,15137909.0909091,20377205.3214643
"382","Urban",24,"Ardebil","7",54,9355294.11764706,7960588.23529412,8560034.8533101
"383","Urban",24,"Ardebil","1",52,3530131.57894737,1663000,2831973.67117898
"384","Urban",24,"Ardebil","4",67,5995806.4516129,5232903.22580645,5612192.17781382
"385","Urban",24,"Ardebil","6",49,7937777.77777778,6899545.45454545,7401691.03894138
"386","Urban",24,"Ardebil","2",71,4439583.33333333,3585388.88888889,3972763.2054031
"387","Urban",24,"Ardebil","3",58,5192916.66666667,4446176.47058824,4807725.43124038
"388","Urban",24,"Ardebil","5",58,6859090.90909091,6023333.33333333,6384448.96489178
"389","Urban",24,"Ardebil","9",40,14997727.2727273,11367647.0588235,12814883.7253143
"390","Urban",25,"Ghom","1",46,3470468.29268293,1573000,2973997.96741636
"391","Urban",25,"Ghom","9",52,14752483.8709677,11111300,12754351.373207
"392","Urban",25,"Ghom","3",59,5095566.66666667,4382055.55555556,4770836.37754293
"393","Urban",25,"Ghom","2",51,4351090.90909091,3488355.55555556,3937721.62379278
"394","Urban",25,"Ghom","10",45,85147235.2941176,14975900,26334814.3793821
"395","Urban",25,"Ghom","4",54,5864370.37037037,5100222.22222222,5509525.89987723
"396","Urban",25,"Ghom","6",58,7779529.41176471,6764259.09090909,7302089.69960559
"397","Urban",25,"Ghom","5",69,6751588.88888889,5897636.36363636,6349923.24097931
"398","Urban",25,"Ghom","8",52,11036370.3703704,9173117.64705882,10188931.6120255
"399","Urban",25,"Ghom","7",53,9066111.11111111,7847100,8457712.73796305
"400","Urban",26,"Ghazvin","5",60,6724062.5,5933181.81818182,6366959.63097905
"401","Urban",26,"Ghazvin","6",48,7780208.33333333,6801851.85185185,7244767.21078004
"402","Urban",26,"Ghazvin","9",51,14681176.4705882,11177647.0588235,12680820.4591636
"403","Urban",26,"Ghazvin","4",50,5919481.48148148,5130294.11764706,5494388.23453002
"404","Urban",26,"Ghazvin","8",50,11162000,9235483.87096774,10149486.5480314
"405","Urban",26,"Ghazvin","3",33,5121764.70588235,4439629.62962963,4784896.96095149
"406","Urban",26,"Ghazvin","7",60,9213529.41176471,7846481.48148148,8514073.0736691
"407","Urban",26,"Ghazvin","2",22,4377727.27272727,3536129.03225806,3852275.64300081
"408","Urban",26,"Ghazvin","1",10,3486818.18181818,2662948.71794872,3236346.51072777
"409","Urban",26,"Ghazvin","10",36,32548823.5294118,14932647.0588235,19975411.9749769
"410","Urban",27,"Golestan","9",141,11323448.2758621,8535000,9801117.13414944
"411","Urban",27,"Golestan","10",134,63087083.3333333,11358333.3333333,17839126.6682333
"412","Urban",27,"Golestan","5",133,5178235.29411765,4531176.47058824,4834025.48459611
"413","Urban",27,"Golestan","8",113,8524444.44444444,7055833.33333333,7682009.24496116
"414","Urban",27,"Golestan","4",105,4526227.27272727,3927272.72727273,4224213.30897852
"415","Urban",27,"Golestan","7",122,7040454.54545454,5997037.03703704,6497221.07459726
"416","Urban",27,"Golestan","6",111,5987916.66666667,5195833.33333333,5568577.56827096
"417","Urban",27,"Golestan","3",80,3907187.5,3355227.27272727,3651620.7120697
"418","Urban",27,"Golestan","2",71,3333111.11111111,2682962.96296296,3023695.57388001
"419","Urban",27,"Golestan","1",62,2676818.18181818,1160882.35294118,2252225.14511738
"420","Urban",28,"Khorasan_Shomali","5",92,6251818.18181818,5461818.18181818,5822627.28993472
"421","Urban",28,"Khorasan_Shomali","2",63,4027500,3266250,3619077.96209291
"422","Urban",28,"Khorasan_Shomali","4",88,5452662.96296296,4733870.96774194,5101754.75440137
"423","Urban",28,"Khorasan_Shomali","3",90,4720416.66666667,4035133.33333333,4375792.85036464
"424","Urban",28,"Khorasan_Shomali","6",83,7208636.36363636,6262941.17647059,6671035.02318572
"425","Urban",28,"Khorasan_Shomali","8",65,10254074.0740741,8545294.11764706,9370138.40306837
"426","Urban",28,"Khorasan_Shomali","1",44,3217937.5,1886764.70588235,2721635.00839264
"427","Urban",28,"Khorasan_Shomali","7",83,8468064.51612903,7218235.29411765,7803672.23757224
"428","Urban",28,"Khorasan_Shomali","9",57,13487727.2727273,10318148.1481481,11779188.7807731
"429","Urban",28,"Khorasan_Shomali","10",47,62490588.2352941,13773181.8181818,19863701.7284717
"430","Urban",29,"Khorasan_Jonoobi","1",133,3242045.45454545,918235.294117647,2587374.6177423
"431","Urban",29,"Khorasan_Jonoobi","3",89,4743103.44827586,4053333.33333333,4388835.0563198
"432","Urban",29,"Khorasan_Jonoobi","4",87,5475185.18518518,4746590.90909091,5064044.19216051
"433","Urban",29,"Khorasan_Jonoobi","8",30,10328823.5294118,8620370.37037037,9358153.50808151
"434","Urban",29,"Khorasan_Jonoobi","2",91,4044137.93103448,3252647.05882353,3656585.82158876
"435","Urban",29,"Khorasan_Jonoobi","7",34,8505909.09090909,7263703.7037037,7894452.15691959
"436","Urban",29,"Khorasan_Jonoobi","6",60,7215294.11764706,6307272.72727273,6719064.2824439
"437","Urban",29,"Khorasan_Jonoobi","9",47,13564772.7272727,10345294.1176471,11682617.1960985
"438","Urban",29,"Khorasan_Jonoobi","5",60,6270588.23529412,5501764.70588235,5897460.54760592
"439","Urban",29,"Khorasan_Jonoobi","10",18,26122941.1764706,13984083.3333333,16397120.1497851
"440","Urban",3001,"Sh_Karaj","1",12,4726258.06451613,1691764.70588235,3933427.76262897
"441","Urban",3001,"Sh_Karaj","7",35,12746500,10954090.9090909,11737837.8228378
"442","Urban",3001,"Sh_Karaj","5",32,9429677.41935484,8248750,8738913.33301512
"443","Urban",3001,"Sh_Karaj","4",24,8220296.55172414,7142272.72727273,7598356.23649575
"444","Urban",3001,"Sh_Karaj","3",16,7118235.29411765,6223793.10344828,6662544.28300565
"445","Urban",3001,"Sh_Karaj","8",46,15516732.2580645,12919827.5862069,14156183.4199026
"446","Urban",3001,"Sh_Karaj","2",32,6040783.33333333,4899951.31578947,5590383.5324437
"447","Urban",3001,"Sh_Karaj","10",44,52453000,20780454.5454545,30265586.5809746
"448","Urban",3001,"Sh_Karaj","6",35,10783407.4074074,9450779.09090909,10160900.1154935
"449","Urban",3001,"Sh_Karaj","9",45,20663033.6363636,15563548.3870968,17923498.9076312
"450","Urban",30,"Alborz","8",11,16743181.8181818,13962941.1764706,15494090.837476
"451","Urban",30,"Alborz","5",3,9031363.63636363,8961000,8993042.78074866
"452","Urban",30,"Alborz","7",14,13615208.3333333,11823387.0967742,12518950.67597
"453","Urban",30,"Alborz","3",14,7706303.7037037,6707083.33333333,7258196.72122189
"454","Urban",30,"Alborz","4",18,8910354.16666667,7729158.06451613,8264335.59476893
"455","Urban",30,"Alborz","2",16,6523387.09677419,5493888.88888889,6208239.1239896
"456","Urban",30,"Alborz","9",4,21461470.5882353,18056979.1666667,20189044.2569073
"457","Urban",30,"Alborz","6",8,11656562.962963,10660588.2352941,11114894.6920182
"458","Urban",30,"Alborz","1",7,5275976.89655172,3979347.82608696,4874041.09794309
"459","Urban",30,"Alborz","10",4,36231095.8333333,22449250,27706307.0465686
"460","Rural",0,"Markazi","1",36,2337500,1193750,1907957.7806141
"461","Rural",0,"Markazi","4",58,3986470.58823529,3499000,3742295.39959412
"462","Rural",0,"Markazi","3",56,3482222.22222222,2967000,3194270.6487162
"463","Rural",0,"Markazi","5",66,4550967.74193548,4007272.72727273,4319172.40313269
"464","Rural",0,"Markazi","7",88,5965000,5188421.05263158,5550184.51484059
"465","Rural",0,"Markazi","9",112,9303000,7188888.88888889,8114538.00317595
"466","Rural",0,"Markazi","2",59,2946250,2369166.66666667,2681079.79690016
"467","Rural",0,"Markazi","10",189,48695909.0909091,9334117.64705882,14754511.829235
"468","Rural",0,"Markazi","6",86,5180909.09090909,4552580.64516129,4826050.94832142
"469","Rural",0,"Markazi","8",93,7183529.41176471,5988235.29411765,6514252.9689808
"470","Rural",3,"Az_Sharghi","10",153,35992352.9411765,7545454.54545454,11710031.9904359
"471","Rural",3,"Az_Sharghi","8",79,5787083.33333333,4829411.76470588,5318958.91221062
"472","Rural",3,"Az_Sharghi","5",60,3665416.66666667,3223977.27272727,3446883.34314683
"473","Rural",3,"Az_Sharghi","6",65,4170454.54545454,3668888.88888889,3907774.76909162
"474","Rural",3,"Az_Sharghi","7",76,4820263.15789474,4178333.33333333,4529897.82535083
"475","Rural",3,"Az_Sharghi","2",22,2357941.17647059,1910344.82758621,2119394.21823117
"476","Rural",3,"Az_Sharghi","4",51,3206363.63636364,2814814.81481481,3009332.51116381
"477","Rural",3,"Az_Sharghi","9",107,7499166.66666667,5788541.66666667,6638004.82084964
"478","Rural",3,"Az_Sharghi","3",38,2808139.53488372,2389705.88235294,2608043.88163919
"479","Rural",3,"Az_Sharghi","1",23,1879545.45454545,1044117.64705882,1590132.54332645
"480","Rural",4,"Az_Gharbi","2",69,3101481.48148148,2460322.58064516,2771580.43664554
"481","Rural",4,"Az_Gharbi","4",58,4187727.27272727,3660416.66666667,3896185.81196738
"482","Rural",4,"Az_Gharbi","3",69,3655882.35294118,3110740.74074074,3360328.6290575
"483","Rural",4,"Az_Gharbi","1",60,2458333.33333333,550000,1988368.26797082
"484","Rural",4,"Az_Gharbi","5",63,4758684.21052632,4190416.66666667,4473981.92239725
"485","Rural",4,"Az_Gharbi","6",65,5415454.54545454,4777222.22222222,5083970.21721171
"486","Rural",4,"Az_Gharbi","8",60,7510000,6284074.07407407,6846936.43103722
"487","Rural",4,"Az_Gharbi","10",43,21645588.2352941,9897500,12794954.2218264
"488","Rural",4,"Az_Gharbi","9",56,9515454.54545454,7552941.17647059,8328554.23918681
"489","Rural",4,"Az_Gharbi","7",74,6237291.66666667,5435185.18518518,5828316.167333
"490","Rural",5,"Kermanshah","8",100,4936294.11764706,4121363.63636364,4507948.36775858
"491","Rural",5,"Kermanshah","2",5,1996600,1757352.94117647,1880370.38321904
"492","Rural",5,"Kermanshah","7",70,4084000,3589629.62962963,3821969.50861441
"493","Rural",5,"Kermanshah","9",177,6412666.77419355,4950916.66666667,5643750.37735325
"494","Rural",5,"Kermanshah","10",273,42712882.3529412,6417461.53846154,10155481.2562501
"495","Rural",5,"Kermanshah","3",8,2349250,2169666.66666667,2281906.48539474
"496","Rural",5,"Kermanshah","6",38,3564000,3133410.25641026,3344678.45089153
"497","Rural",5,"Kermanshah","5",24,3113625,2764300,2953414.15531718
"498","Rural",5,"Kermanshah","4",13,2697000,2413194.44444444,2555945.39770225
"499","Rural",6,"Khoozestan","4",87,3780263.15789474,3314583.33333333,3526978.0337448
"500","Rural",6,"Khoozestan","2",55,2804411.76470588,2245161.29032258,2570917.9489296
"501","Rural",6,"Khoozestan","3",73,3300606.06060606,2813947.36842105,3067336.43414439
"502","Rural",6,"Khoozestan","5",92,4300000,3788363.63636364,4040295.52246956
"503","Rural",6,"Khoozestan","1",23,2218888.88888889,1008333.33333333,1862048.38512366
"504","Rural",6,"Khoozestan","6",86,4901851.85185185,4315625,4577525.54128841
"505","Rural",6,"Khoozestan","7",104,5651851.85185185,4920689.65517241,5254779.75704449
"506","Rural",6,"Khoozestan","10",65,48777647.0588235,8867941.17647059,12589562.2033416
"507","Rural",6,"Khoozestan","9",73,8758235.29411765,6852272.72727273,7636641.88043374
"508","Rural",6,"Khoozestan","8",62,6796666.66666667,5667647.05882353,6224598.7677542
"509","Rural",7,"Fars","5",82,4832666.66666667,4265454.54545454,4536885.24522957
"510","Rural",7,"Fars","8",90,7611818.18181818,6388593.75,6865784.21818053
"511","Rural",7,"Fars","7",89,6359090.90909091,5530645.16129032,5912112.47708723
"512","Rural",7,"Fars","4",97,4249862.06896552,3735185.18518519,4003326.42805682
"513","Rural",7,"Fars","10",69,58880000,9931250,14498101.3452682
"514","Rural",7,"Fars","1",51,2495937.5,1451388.88888889,2127191.27211493
"515","Rural",7,"Fars","6",77,5507777.77777778,4841463.41463415,5146322.05848881
"516","Rural",7,"Fars","3",83,3692896.55172414,3153806.4516129,3426083.78266942
"517","Rural",7,"Fars","2",73,3148529.41176471,2501225.80645161,2865813.37890327
"518","Rural",7,"Fars","9",82,9923548.38709678,7646774.19354839,8573165.31735529
"519","Rural",8,"Kerman","6",44,4635882.35294118,4084375,4310766.94470326
"520","Rural",8,"Kerman","4",73,3582352.94117647,3139090.90909091,3340070.63968039
"521","Rural",8,"Kerman","2",125,2656666.66666667,2105625,2381270.66733408
"522","Rural",8,"Kerman","3",79,3132352.94117647,2669629.62962963,2892410.24672916
"523","Rural",8,"Kerman","1",77,2095833.33333333,930526.315789474,1799644.46493685
"524","Rural",8,"Kerman","7",38,5366770.83333333,4657894.73684211,5008254.46525534
"525","Rural",8,"Kerman","8",38,6441666.66666667,5388148.14814815,5862576.03937539
"526","Rural",8,"Kerman","5",59,4079411.76470588,3596363.63636364,3800721.35132051
"527","Rural",8,"Kerman","9",29,8340000,6476470.58823529,7230136.85889407
"528","Rural",8,"Kerman","10",12,23460416.6666667,8393448.27586207,11022972.9407197
"529","Rural",9,"Khorasan_Razavi","7",88,5497777.77777778,4773478.26086957,5155372.07449499
"530","Rural",9,"Khorasan_Razavi","1",36,2145555.55555556,1152482.75862069,1828733.33073126
"531","Rural",9,"Khorasan_Razavi","10",118,44291560,8627058.82352941,12944718.321059
"532","Rural",9,"Khorasan_Razavi","8",95,6590740.74074074,5520537.03703704,6056039.29919531
"533","Rural",9,"Khorasan_Razavi","4",86,3680185.18518519,3216250,3456533.50318259
"534","Rural",9,"Khorasan_Razavi","9",105,8592894.73684211,6617931.03448276,7580917.63415064
"535","Rural",9,"Khorasan_Razavi","3",84,3213750,2737272.72727273,2979363.16088699
"536","Rural",9,"Khorasan_Razavi","5",80,4188529.41176471,3682414.63414634,3940903.98154348
"537","Rural",9,"Khorasan_Razavi","6",96,4769444.44444444,4195205.12820513,4457571.82042637
"538","Rural",9,"Khorasan_Razavi","2",54,2723529.41176471,2170588.23529412,2490728.63941026
"539","Rural",10,"Esfahan","2",42,3116578.94736842,2483437.5,2806874.41425247
"540","Rural",10,"Esfahan","1",26,2476470.58823529,635294.117647059,2125378.76403222
"541","Rural",10,"Esfahan","6",58,5463709.67741936,4844772.72727273,5131354.60218697
"542","Rural",10,"Esfahan","8",90,7585294.11764706,6327647.05882353,6946261.88483383
"543","Rural",10,"Esfahan","5",66,4805882.35294118,4227586.20689655,4538914.02315028
"544","Rural",10,"Esfahan","3",68,3687647.05882353,3137407.40740741,3434848.81842958
"545","Rural",10,"Esfahan","7",71,6325000,5486363.63636364,5884083.93543672
"546","Rural",10,"Esfahan","10",94,110346000,9927419.35483871,16228126.5267396
"547","Rural",10,"Esfahan","9",81,9826590.90909091,7600937.5,8732501.66273624
"548","Rural",10,"Esfahan","4",57,4223333.33333333,3697545.45454545,3947126.34218368
"549","Rural",11,"Sistan","3",89,3263793.10344828,2774687.5,3017655.79273811
"550","Rural",11,"Sistan","1",308,2190909.09090909,537500,1524005.24526479
"551","Rural",11,"Sistan","2",104,2772222.22222222,2196707.31707317,2490123.7428361
"552","Rural",11,"Sistan","5",36,4221818.18181818,3756000,3976019.84845106
"553","Rural",11,"Sistan","6",31,4850925.92592593,4271153.84615385,4584418.80269841
"554","Rural",11,"Sistan","8",15,6633148.14814815,5686851.85185185,6245117.38058976
"555","Rural",11,"Sistan","7",24,5581818.18181818,4853125,5271507.84400555
"556","Rural",11,"Sistan","4",56,3720312.5,3281111.11111111,3477632.50119818
"557","Rural",11,"Sistan","9",8,8190909.09090909,6750370.37037037,7392456.42916737
"558","Rural",11,"Sistan","10",8,15758823.5294118,9240588.23529412,11701717.3598258
"559","Rural",12,"Kordestan","5",52,4909448.27586207,4335294.11764706,4616392.5699545
"560","Rural",12,"Kordestan","7",34,6455925.92592593,5613181.81818182,5990518.15583613
"561","Rural",12,"Kordestan","9",25,9933409.09090909,7804166.66666667,8714572.01915177
"562","Rural",12,"Kordestan","8",33,7633200,6482958.33333333,6959197.19895173
"563","Rural",12,"Kordestan","10",14,35640322.5806452,10213333.3333333,14553201.8791976
"564","Rural",12,"Kordestan","4",40,4325275.86206897,3798823.52941176,4034303.06826008
"565","Rural",12,"Kordestan","6",40,5605235.29411765,4934117.64705882,5241989.70104208
"566","Rural",12,"Kordestan","3",29,3779090.90909091,3209534.88372093,3512025.90995114
"567","Rural",12,"Kordestan","2",30,3201666.66666667,2576200,2942355.15892203
"568","Rural",12,"Kordestan","1",19,2494000,1133000,1937045.4544803
"569","Rural",13,"Hamedan","10",154,21708529.4117647,6157812.5,8961121.28874419
"570","Rural",13,"Hamedan","9",102,6146451.61290323,4748518.51851852,5387566.615612
"571","Rural",13,"Hamedan","8",74,4726206.89655172,3964583.33333333,4371398.23006214
"572","Rural",13,"Hamedan","7",68,3924117.64705882,3422916.66666667,3670213.66971076
"573","Rural",13,"Hamedan","5",37,2977777.77777778,2639705.88235294,2801944.11775991
"574","Rural",13,"Hamedan","2",17,1938461.53846154,1576470.58823529,1790725.52201946
"575","Rural",13,"Hamedan","3",27,2296818.18181818,1968750,2134925.84280976
"576","Rural",13,"Hamedan","6",53,3414193.5483871,3013888.88888889,3198053.55553912
"577","Rural",13,"Hamedan","4",39,2636046.51162791,2322352.94117647,2493563.75716429
"578","Rural",13,"Hamedan","1",25,1502083.33333333,385294.117647059,952479.701569777
"579","Rural",14,"Chaharmahal","4",72,5267500,4620000,4960664.85232566
"580","Rural",14,"Chaharmahal","5",62,5993225.80645161,5280518.51851852,5611663.64512554
"581","Rural",14,"Chaharmahal","2",72,3898235.29411765,3134705.88235294,3549012.45295995
"582","Rural",14,"Chaharmahal","8",41,9418421.05263158,7904375,8500268.18617276
"583","Rural",14,"Chaharmahal","6",37,6834705.88235294,6004545.45454545,6400372.86492826
"584","Rural",14,"Chaharmahal","3",77,4594062.5,3919705.88235294,4226561.79474846
"585","Rural",14,"Chaharmahal","1",46,3065161.29032258,983333.333333333,2521252.56691847
"586","Rural",14,"Chaharmahal","7",43,7895588.23529412,6851176.47058824,7446500.54898584
"587","Rural",14,"Chaharmahal","9",22,12298235.2941176,9570625,10847155.9725068
"588","Rural",14,"Chaharmahal","10",17,35401352.9411765,12359954.5454545,19645591.3676982
"589","Rural",15,"Lorestan","5",64,3494516.12903226,3087222.22222222,3276554.76602041
"590","Rural",15,"Lorestan","3",49,2685000,2283541.66666667,2492764.11767893
"591","Rural",15,"Lorestan","1",10,1739189.18918919,1335500,1562945.39862829
"592","Rural",15,"Lorestan","2",39,2270909.09090909,1810000,2085741.9410057
"593","Rural",15,"Lorestan","7",77,4603947.36842105,4e+06,4293685.84680945
"594","Rural",15,"Lorestan","8",75,5504558.82352941,4612272.72727273,5025407.33555794
"595","Rural",15,"Lorestan","6",85,3985322.58064516,3504117.64705882,3715799.33067815
"596","Rural",15,"Lorestan","4",54,3074117.64705882,2689886.36363636,2869164.70782396
"597","Rural",15,"Lorestan","10",59,27383437.5,7196136.36363636,9966875.50465648
"598","Rural",15,"Lorestan","9",61,7170526.31578947,5560138.88888889,6288003.43688496
"599","Rural",16,"Ilam","10",100,18226470.5882353,6286363.63636364,8342279.03913924
"600","Rural",16,"Ilam","7",61,3969237.28813559,3463888.88888889,3709899.05642189
"601","Rural",16,"Ilam","8",99,4788292.68292683,4009375,4425132.11209368
"602","Rural",16,"Ilam","9",112,6216896.55172414,4806666.66666667,5413483.45435275
"603","Rural",16,"Ilam","4",23,2639090.90909091,2353825.64102564,2527135.68236455
"604","Rural",16,"Ilam","3",15,2323442.30769231,2032586.20689655,2157048.15325227
"605","Rural",16,"Ilam","6",59,3444605.26315789,3042258.06451613,3235888.65412445
"606","Rural",16,"Ilam","5",46,3035312.5,2670833.33333333,2845387.60376436
"607","Rural",16,"Ilam","2",8,1973125,1602173.91304348,1795510.81565532
"608","Rural",16,"Ilam","1",5,1554545.45454545,850000,1353075.82288401
"609","Rural",17,"Kohkilooye","2",119,4698823.52941176,3740740.74074074,4251125.34627991
"610","Rural",17,"Kohkilooye","1",127,3723333.33333333,1369487.17948718,2982477.17723771
"611","Rural",17,"Kohkilooye","5",64,7221851.85185185,6358260.86956522,6733737.97610223
"612","Rural",17,"Kohkilooye","3",95,5545614.03508772,4758000,5130722.85403751
"613","Rural",17,"Kohkilooye","7",33,9489545.45454545,8239545.45454545,8794508.76746101
"614","Rural",17,"Kohkilooye","4",82,6333636.36363636,5554166.66666667,5928800.43707804
"615","Rural",17,"Kohkilooye","6",39,8058333.33333333,7233333.33333333,7615700.19012433
"616","Rural",17,"Kohkilooye","8",20,11209411.7647059,9538750,10115280.4633017
"617","Rural",17,"Kohkilooye","9",6,13703863.6363636,11707105.2631579,12509025.6630719
"618","Rural",17,"Kohkilooye","10",2,19821176.4705882,15445000,17633088.2352941
"619","Rural",18,"Booshehr","9",68,9842000,7687500,8485382.86224381
"620","Rural",18,"Booshehr","5",63,4848333.33333333,4265909.09090909,4557441.22145853
"621","Rural",18,"Booshehr","10",52,31101000,10005263.1578947,12895502.4529802
"622","Rural",18,"Booshehr","6",65,5512916.66666667,4870925.92592593,5201980.04130073
"623","Rural",18,"Booshehr","3",38,3716129.03225806,3179166.66666667,3446787.22839908
"624","Rural",18,"Booshehr","1",15,2482592.59259259,1849705.88235294,2182418.62007777
"625","Rural",18,"Booshehr","8",69,7660370.37037037,6390967.74193549,6872734.56934361
"626","Rural",18,"Booshehr","2",39,3140416.66666667,2511184.21052632,2887830.15718915
"627","Rural",18,"Booshehr","4",64,4263529.41176471,3757173.91304348,4002247.1025851
"628","Rural",18,"Booshehr","7",62,6364444.44444444,5559629.62962963,5943267.16157602
"629","Rural",19,"Zanjan","7",41,6728117.64705882,5855101.85185185,6254467.53699782
"630","Rural",19,"Zanjan","4",58,4490229.16666667,3940259.25925926,4214200.05431794
"631","Rural",19,"Zanjan","3",59,3926983.33333333,3367058.82352941,3656160.53707375
"632","Rural",19,"Zanjan","6",58,5829932.72727273,5141763.63636364,5444355.10506627
"633","Rural",19,"Zanjan","8",52,8049596.77419355,6748960,7236453.49897824
"634","Rural",19,"Zanjan","9",45,10495523.5294118,8183176.47058824,9112624.75415517
"635","Rural",19,"Zanjan","10",31,56083130.9090909,10761306.8181818,18593648.9468171
"636","Rural",19,"Zanjan","5",68,5121017.24137931,4506878.04878049,4817413.80544651
"637","Rural",19,"Zanjan","1",50,2599444.44444444,537425,1835275.89786072
"638","Rural",19,"Zanjan","2",52,3324415.625,2645754.54545455,3027739.97306529
"639","Rural",20,"Semnan","9",54,7910000,6132000,6946303.7321846
"640","Rural",20,"Semnan","1",19,1999375,1215000,1739817.8348401
"641","Rural",20,"Semnan","7",46,5073636.36363636,4423806.4516129,4713878.28908115
"642","Rural",20,"Semnan","4",54,3405172.4137931,2987037.03703704,3216863.6931466
"643","Rural",20,"Semnan","6",63,4408235.29411765,3886666.66666667,4146361.88034837
"644","Rural",20,"Semnan","5",71,3871000,3425000,3627401.71915299
"645","Rural",20,"Semnan","8",63,6075000,5126666.66666667,5563658.37939949
"646","Rural",20,"Semnan","3",43,2973046.875,2535416.66666667,2780417.387506
"647","Rural",20,"Semnan","10",39,26108823.5294118,8135000,11205574.2869077
"648","Rural",20,"Semnan","2",27,2524838.70967742,2e+06,2291400.24232921
"649","Rural",21,"Yazd","10",255,43348705.8823529,7504037.03703704,11832037.212894
"650","Rural",21,"Yazd","7",61,4794137.93103448,4179629.62962963,4509247.46873665
"651","Rural",21,"Yazd","9",135,7491365.51724138,5793718.75,6536707.1516251
"652","Rural",21,"Yazd","5",31,3648150.37037037,3213906.97674419,3422787.36165474
"653","Rural",21,"Yazd","4",20,3186470.58823529,2859705.88235294,3068527.22550306
"654","Rural",21,"Yazd","8",84,5761764.70588235,4815185.18518518,5293054.51971803
"655","Rural",21,"Yazd","6",34,4160000,3662981.11111111,3906150.21234712
"656","Rural",21,"Yazd","3",12,2733500,2412607.40740741,2532266.74324761
"657","Rural",21,"Yazd","2",13,2372489.58333333,2040370.37037037,2170852.19065624
"658","Rural",21,"Yazd","1",4,1619736.84210526,1207500,1419309.21052632
"659","Rural",22,"Hormozgan","2",58,3158103.44827586,2516562.5,2837439.56774514
"660","Rural",22,"Hormozgan","5",51,4860843.75,4274027.77777778,4573325.47523423
"661","Rural",22,"Hormozgan","3",53,3730000,3176000,3465009.90839725
"662","Rural",22,"Hormozgan","7",67,6389096.36363636,5555645.16129032,6003304.74014378
"663","Rural",22,"Hormozgan","10",79,26896617.6470588,9987083.33333333,13544476.2997256
"664","Rural",22,"Hormozgan","9",88,9950769.23076923,7689062.5,8689076.9455582
"665","Rural",22,"Hormozgan","6",62,5538363.63636364,4863965.51724138,5194260.7134327
"666","Rural",22,"Hormozgan","8",79,7674814.81481481,6404750,7055271.62475093
"667","Rural",22,"Hormozgan","4",57,4256052.63157895,3776976.74418605,3993954.29650801
"668","Rural",22,"Hormozgan","1",76,2492973.51351351,1007179.74358974,1928749.4408579
"669","Rural",23,"Tehran","5",60,5303882.35294118,4670000,4971077.80906319
"670","Rural",23,"Tehran","7",68,6974375,6056000,6512049.44487103
"671","Rural",23,"Tehran","6",64,6025000,5315882.35294118,5648995.38989675
"672","Rural",23,"Tehran","9",66,10780806.4516129,8401250,9409077.75398922
"673","Rural",23,"Tehran","8",86,8311578.94736842,6982045.45454545,7624405.02237474
"674","Rural",23,"Tehran","4",46,4657555.55555556,4088823.52941176,4367140.02427125
"675","Rural",23,"Tehran","2",17,3445625,2809629.62962963,3200537.20953281
"676","Rural",23,"Tehran","1",8,2634594.59459459,942000,2307987.96283426
"677","Rural",23,"Tehran","3",31,4064814.81481481,3461935.48387097,3828369.49383224
"678","Rural",23,"Tehran","10",47,164494000,10914000,22549546.9730753
"679","Rural",24,"Ardebil","7",48,7053859.64912281,6115172.4137931,6482196.39897432
"680","Rural",24,"Ardebil","4",54,4702500,4134901.96078431,4412154.0357196
"681","Rural",24,"Ardebil","3",64,4118750,3501388.88888889,3824412.91195352
"682","Rural",24,"Ardebil","6",45,6112352.94117647,5388235.29411765,5692661.10877917
"683","Rural",24,"Ardebil","8",42,8282000,7110370.37037037,7714650.08007183
"684","Rural",24,"Ardebil","5",53,5363103.44827586,4716470.58823529,5005331.94686408
"685","Rural",24,"Ardebil","10",36,31091666.6666667,11021764.7058824,15185868.8202865
"686","Rural",24,"Ardebil","2",48,3484705.88235294,2769318.18181818,3124718.14515282
"687","Rural",24,"Ardebil","9",27,10820833.3333333,8597916.66666667,9583555.53938589
"688","Rural",24,"Ardebil","1",40,2734062.5,1255882.35294118,2233605.57643011
"689","Rural",25,"Ghom","3",37,3064511.76470588,2616177.41935484,2871548.71141374
"690","Rural",25,"Ghom","6",45,4563625,4040625,4270173.41199253
"691","Rural",25,"Ghom","10",51,26360323.5294118,8260650,11752074.2294274
"692","Rural",25,"Ghom","8",53,6300100,5284323.52941176,5780569.46951438
"693","Rural",25,"Ghom","4",34,3506835.29411765,3093189.65517241,3316103.54004566
"694","Rural",25,"Ghom","2",32,2608544.11764706,2141289.47368421,2379887.23378032
"695","Rural",25,"Ghom","9",48,8172352.94117647,6379000,7053007.80513991
"696","Rural",25,"Ghom","7",38,5279541.66666667,4572020.83333333,4946595.56555876
"697","Rural",25,"Ghom","5",39,4010812.5,3532000,3763933.96829831
"698","Rural",25,"Ghom","1",13,2060272.72727273,1245431.03448276,1699979.66362128
"699","Rural",26,"Ghazvin","10",167,36010833.3333333,7592291.66666667,10789153.3701343
"700","Rural",26,"Ghazvin","8",99,5827586.20689655,4868181.81818182,5343613.32811758
"701","Rural",26,"Ghazvin","9",140,7584772.72727273,5850344.82758621,6684005.81513206
"702","Rural",26,"Ghazvin","7",55,4865000,4217777.77777778,4535127.8667019
"703","Rural",26,"Ghazvin","5",25,3673815.78947368,3273965.51724138,3481886.88490913
"704","Rural",26,"Ghazvin","3",17,2805882.35294118,2420000,2650774.54661409
"705","Rural",26,"Ghazvin","6",39,4208157.89473684,3709032.25806452,3965416.57028867
"706","Rural",26,"Ghazvin","4",19,3238333.33333333,2880588.23529412,3067319.29886692
"707","Rural",26,"Ghazvin","2",4,2351290.32258065,1912000,2191529.89771833
"708","Rural",26,"Ghazvin","1",2,1872413.79310345,1707000,1789706.89655172
"709","Rural",27,"Golestan","8",96,5358281.25,4495441.17647059,4922810.2049175
"710","Rural",27,"Golestan","10",110,38780000,7016764.70588235,10695198.2840948
"711","Rural",27,"Golestan","5",58,3404473.68421053,3010370.37037037,3191336.02130675
"712","Rural",27,"Golestan","7",80,4485000,3889090.90909091,4188467.6236527
"713","Rural",27,"Golestan","9",92,6984117.64705882,5390740.74074074,6136565.95410836
"714","Rural",27,"Golestan","4",43,2988125,2632352.94117647,2802062.2172784
"715","Rural",27,"Golestan","1",21,1722058.82352941,740000,1342252.46892861
"716","Rural",27,"Golestan","6",77,3871718.75,3415468.75,3622790.64547158
"717","Rural",27,"Golestan","3",62,2619782.60869565,2240058.82352941,2438497.67896595
"718","Rural",27,"Golestan","2",36,2214117.64705882,1771111.11111111,2043464.22890151
"719","Rural",28,"Khorasan_Shomali","9",55,9214117.64705882,7168000,7944010.7593904
"720","Rural",28,"Khorasan_Shomali","5",91,4502900,3957407.40740741,4194609.43287689
"721","Rural",28,"Khorasan_Shomali","2",83,2932500,2341764.70588235,2636460.10828371
"722","Rural",28,"Khorasan_Shomali","7",68,5908000,5137727.27272727,5513840.01100729
"723","Rural",28,"Khorasan_Shomali","10",30,19047058.8235294,9287000,12133272.9523112
"724","Rural",28,"Khorasan_Shomali","3",96,3454772.72727273,2948481.48148148,3217198.99398083
"725","Rural",28,"Khorasan_Shomali","4",89,3952625,3470833.33333333,3696284.82320261
"726","Rural",28,"Khorasan_Shomali","6",87,5122937.5,4504594.59459459,4799980.23337498
"727","Rural",28,"Khorasan_Shomali","8",54,7105185.18518518,5960588.23529412,6494123.2479328
"728","Rural",28,"Khorasan_Shomali","1",42,2319000,1567741.93548387,2055272.46690835
"729","Rural",29,"Khorasan_Jonoobi","4",93,3577777.77777778,3143703.7037037,3348047.87507057
"730","Rural",29,"Khorasan_Jonoobi","5",84,4081000,3591764.70588235,3815431.60579203
"731","Rural",29,"Khorasan_Jonoobi","8",36,6343902.43902439,5380454.54545454,5845597.08446995
"732","Rural",29,"Khorasan_Jonoobi","7",53,5350967.74193548,4666176.47058824,5024600.81087272
"733","Rural",29,"Khorasan_Jonoobi","9",31,8156470.58823529,6492500,7387040.8692937
"734","Rural",29,"Khorasan_Jonoobi","10",30,16129166.6666667,8381481.48148148,10831630.0417314
"735","Rural",29,"Khorasan_Jonoobi","3",81,3132000,2663500,2914979.75153167
"736","Rural",29,"Khorasan_Jonoobi","1",110,2102352.94117647,941176.470588235,1681453.00476234
"737","Rural",29,"Khorasan_Jonoobi","6",55,4625000,4090740.74074074,4341623.71484375
"738","Rural",29,"Khorasan_Jonoobi","2",132,2650000,2109000,2402768.79750603
"739","Rural",30,"Alborz","7",77,6966851.85185185,6070483.87096774,6500942.82548728
"740","Rural",30,"Alborz","10",132,68271875,10912962.962963,16143183.2980069
"741","Rural",30,"Alborz","9",129,10889425,8404677.41935484,9624662.95959111
"742","Rural",30,"Alborz","8",88,8362916.66666667,7004000,7733181.43862447
"743","Rural",30,"Alborz","6",39,6031111.11111111,5343235.29411765,5707997.25409537
"744","Rural",30,"Alborz","2",11,3440795.45454545,2878437.5,3219129.11185079
"745","Rural",30,"Alborz","3",18,4065483.87096774,3498010,3837677.20252384
"746","Rural",30,"Alborz","4",15,4626500,4121029.41176471,4458732.7989698
"747","Rural",30,"Alborz","1",4,2715833.33333333,1579613.20754717,2088711.22393928
"748","Rural",30,"Alborz","5",26,5301029.41176471,4683125,5012841.0988158
