,Region,NewArea,NewArea2,Decile,N,Max,Min,Mean
47,Urban,30,Alborz,1,2,4425000,3979347.826,4202173.913
94,Urban,30,Alborz,2,6,5493888.889,5048750,5201304.791
140,Urban,30,Alborz,3,12,6462954.545,5762272.727,6194963.104
153,Urban,30,Alborz,4,13,7349545.455,6469668.421,6977861.126
221,Urban,30,Alborz,5,14,8158569.444,7405185.185,7855286.375
278,Urban,30,Alborz,6,11,9031363.636,8368863.636,8742190.828
329,Urban,30,Alborz,7,3,10804814.81,10660588.24,10719528.29
349,Urban,30,Alborz,8,16,12931111.11,11007592.59,11988621.53
406,Urban,30,Alborz,9,14,16743181.82,13186470,15045924.06
437,Urban,0,Markazi,10,53,51193000,14413541.67,18692321.35
25,Urban,24,Ardebil,1,64,3639863.014,1663000,2978145.399
49,Urban,24,Ardebil,2,60,4446176.471,3643870.968,4052894.824
118,Urban,24,Ardebil,3,55,5161612.903,4465588.235,4800409.641
172,Urban,24,Ardebil,4,61,5895517.241,5186451.613,5553195.058
210,Urban,24,Ardebil,5,56,6610454.545,5906363.636,6261391.081
241,Urban,24,Ardebil,6,41,7502000,6638333.333,7072744.717
315,Urban,24,Ardebil,7,54,8751176.471,7599310.345,8146076.233
339,Urban,24,Ardebil,8,34,10435555.56,8793255.814,9465619.155
416,Urban,24,Ardebil,9,46,13744117.65,10638750,11867036.25
753,Rural,0,Markazi,10,113,48695909.09,11346296.3,17728218.47
8,Urban,4,Az_Gharbi,1,32,3048823.529,1004000,2381122.732
81,Urban,4,Az_Gharbi,2,39,3832758.621,3193470.588,3517810.911
132,Urban,4,Az_Gharbi,3,42,4450000,3893103.448,4170425.102
173,Urban,4,Az_Gharbi,4,35,5096296.296,4490740.741,4854062.899
225,Urban,4,Az_Gharbi,5,39,5738235.294,5133000,5402358.953
254,Urban,4,Az_Gharbi,6,50,6535882.353,5752083.333,6116011.959
284,Urban,4,Az_Gharbi,7,66,7574117.647,6546666.667,7034214.236
344,Urban,4,Az_Gharbi,8,47,8994074.074,7615909.091,8296446.976
380,Urban,4,Az_Gharbi,9,57,11857000,9070370.37,10357197.16
2,Urban,3,Az_Sharghi,1,31,3175588.235,630000,2458187.372
59,Urban,3,Az_Sharghi,2,31,3975000,3262741.935,3582181.175
135,Urban,3,Az_Sharghi,3,30,4584454.545,4040454.545,4304874.703
186,Urban,3,Az_Sharghi,4,25,5247000,4670000,4981966.201
234,Urban,3,Az_Sharghi,5,23,5903863.636,5340454.545,5622904.083
260,Urban,3,Az_Sharghi,6,33,6695172.414,5938000,6318677.963
302,Urban,3,Az_Sharghi,7,33,7808064.516,6769558.824,7210255.564
368,Urban,3,Az_Sharghi,8,34,9274375,7907954.545,8449787.312
419,Urban,3,Az_Sharghi,9,27,12103636.36,9531818.182,10674512.91
439,Urban,1,Gilan,10,79,141318000,14660416.67,21608068.19
468,Urban,1,Sh_Arak,10,5,25222941.18,17116000,20824484.31
38,Urban,18,Booshehr,1,48,3656486.486,1987407.407,3107754.537
58,Urban,18,Booshehr,2,48,4468658.537,3696562.5,4131234.872
125,Urban,18,Booshehr,3,49,5224791.667,4524117.647,4858112.684
179,Urban,18,Booshehr,4,65,5965000,5260645.161,5608891.677
190,Urban,18,Booshehr,5,56,6710481.481,5968518.519,6292190.544
270,Urban,18,Booshehr,6,66,7648048.78,6737592.593,7150262.37
312,Urban,18,Booshehr,7,60,8855185.185,7687500,8271107.112
342,Urban,18,Booshehr,8,70,10593181.82,8900370.37,9626731.421
390,Urban,18,Booshehr,9,69,13846470.59,10619705.88,12052202.4
760,Rural,1,Gilan,10,56,25805294.12,9353823.529,12718246.53
10,Urban,14,Chaharmahal,1,105,4603777.778,1538400,3729572.537
70,Urban,14,Chaharmahal,2,94,5623103.448,4642500,5148529.267
107,Urban,14,Chaharmahal,3,85,6541764.706,5648064.516,6105486.599
148,Urban,14,Chaharmahal,4,83,7433387.097,6550588.235,6975322.89
209,Urban,14,Chaharmahal,5,67,8377352.941,7477037.037,7900209.432
262,Urban,14,Chaharmahal,6,67,9569655.172,8420483.871,8996015.552
298,Urban,14,Chaharmahal,7,51,11082631.58,9592812.5,10199295.49
335,Urban,14,Chaharmahal,8,44,13241764.71,11129411.76,12197639.2
412,Urban,14,Chaharmahal,9,46,17250000,13378275.86,15099760.64
442,Urban,2,Mazandaran,10,82,59925416.67,14345833.33,21210144.46
31,Urban,10,Esfahan,1,16,3554800,1757741.935,2962022.915
50,Urban,10,Esfahan,2,34,4363703.704,3575000,4002455.442
109,Urban,10,Esfahan,3,43,5063194.444,4376129.032,4713122.323
175,Urban,10,Esfahan,4,33,5776235.294,5092222.222,5429935.932
227,Urban,10,Esfahan,5,40,6459259.259,5819032.258,6108079.624
242,Urban,10,Esfahan,6,37,7330806.452,6511764.706,6937344.332
326,Urban,10,Esfahan,7,33,8585483.871,7500588.235,8015078.427
371,Urban,10,Esfahan,8,40,10266296.3,8697058.824,9360748.204
405,Urban,10,Esfahan,9,28,13384583.33,10341764.71,11577410.73
755,Rural,2,Mazandaran,10,134,87097083.33,9925000,16334283.95
1,Urban,7,Fars,1,50,3631944.444,642823.5294,2909886.609
84,Urban,7,Fars,2,40,4514814.815,3750000,4166419.066
131,Urban,7,Fars,3,33,5211111.111,4555555.556,4879054.762
169,Urban,7,Fars,4,38,5973529.412,5262368.421,5631082.797
212,Urban,7,Fars,5,36,6722068.966,5996296.296,6343143.69
244,Urban,7,Fars,6,58,7661842.105,6740000,7217471.962
294,Urban,7,Fars,7,55,8899411.765,7685318.182,8167433.2
369,Urban,7,Fars,8,30,10627586.21,8990243.902,9907410.062
402,Urban,7,Fars,9,34,13881000,10690000,12288973.48
450,Urban,3,Az_Sharghi,10,43,39558333.33,12374705.88,17138431.39
45,Urban,26,Ghazvin,1,20,3664750,2662948.718,3412787.124
72,Urban,26,Ghazvin,2,17,4485576.923,3702820.513,4186520.427
130,Urban,26,Ghazvin,3,35,5211111.111,4528437.5,4907410.666
176,Urban,26,Ghazvin,4,44,5933181.818,5239583.333,5556403.624
228,Urban,26,Ghazvin,5,56,6688235.294,5987407.407,6356199.615
238,Urban,26,Ghazvin,6,44,7625294.118,6695882.353,7133535.633
301,Urban,26,Ghazvin,7,50,8817058.824,7648823.529,8220583.261
351,Urban,26,Ghazvin,8,50,10540882.35,8888823.529,9522120.858
411,Urban,26,Ghazvin,9,59,13828000,10654705.88,11925234.26
752,Rural,3,Az_Sharghi,10,96,35992352.94,9456875,13698191.28
20,Urban,25,Ghom,1,69,3826458.333,1573000,3208953.328
83,Urban,25,Ghom,2,53,4681312.5,3890482.759,4346022.942
103,Urban,25,Ghom,3,55,5444264.706,4696200,5047704.911
149,Urban,25,Ghom,4,55,6175777.778,5448870.37,5815445.244
223,Urban,25,Ghom,5,57,6984388.889,6240080,6566832.246
263,Urban,25,Ghom,6,53,7947772.727,7004806.452,7438770.965
320,Urban,25,Ghom,7,51,9220916.667,8012607.407,8555851.16
332,Urban,25,Ghom,8,48,11030147.06,9254676.471,10233150.97
384,Urban,25,Ghom,9,49,14396764.71,11036370.37,12567039.12
447,Urban,4,Az_Gharbi,10,31,32970588.24,11975222.22,16050489.58
4,Urban,1,Gilan,1,44,3857064.516,1106250,2989405.796
57,Urban,1,Gilan,2,67,4722727.273,3878888.889,4305782.668
99,Urban,1,Gilan,3,59,5492758.621,4733333.333,5165592.884
157,Urban,1,Gilan,4,66,6205588.235,5496770.833,5865246.737
230,Urban,1,Gilan,5,65,7043620.69,6304705.882,6631606.124
265,Urban,1,Gilan,6,65,8022727.273,7063909.091,7551875.037
289,Urban,1,Gilan,7,83,9328529.412,8036111.111,8628880.399
354,Urban,1,Gilan,8,94,11064400,9360000,10166980.97
378,Urban,1,Gilan,9,97,14506470.59,11124000,12571959.28
762,Rural,4,Az_Gharbi,10,61,21645588.24,8751000,11709330.4
15,Urban,27,Golestan,1,119,3225882.353,1160882.353,2590775.869
56,Urban,27,Golestan,2,99,3946621.622,3235000,3614433.718
129,Urban,27,Golestan,3,115,4582592.593,3969090.909,4279893.595
159,Urban,27,Golestan,4,125,5224137.931,4586818.182,4888703.996
200,Urban,27,Golestan,5,90,5856410.256,5227968.75,5541417.119
245,Urban,27,Golestan,6,98,6689729.73,5883333.333,6267607.48
297,Urban,27,Golestan,7,109,7766470.588,6713000,7211887.641
362,Urban,27,Golestan,8,89,9253333.333,7823958.333,8540656.716
392,Urban,27,Golestan,9,110,12156227.27,9300416.667,10465045.97
448,Urban,5,Kermanshah,10,59,45454545.45,12892647.06,16608774.06
7,Urban,13,Hamedan,1,51,3029032.258,922000,2474341.19
76,Urban,13,Hamedan,2,41,3710000,3064705.882,3456886.152
113,Urban,13,Hamedan,3,50,4287058.824,3717931.034,3982396.338
142,Urban,13,Hamedan,4,62,4909259.259,4309090.909,4624478.69
203,Urban,13,Hamedan,5,68,5500000,4916818.182,5205093.104
250,Urban,13,Hamedan,6,59,6282352.941,5534090.909,5858199.592
318,Urban,13,Hamedan,7,62,7305937.5,6337096.774,6808825.828
353,Urban,13,Hamedan,8,59,8717647.059,7341764.706,8064339.397
385,Urban,13,Hamedan,9,60,11413636.36,8731034.483,9828368.41
757,Rural,5,Kermanshah,10,152,42712882.35,8064655.172,12521256.43
21,Urban,22,Hormozgan,1,113,4340555.556,1792187.5,3361381.132
62,Urban,22,Hormozgan,2,76,5303307.692,4360400,4816540.704
105,Urban,22,Hormozgan,3,60,6166670.526,5321176.471,5778135.599
165,Urban,22,Hormozgan,4,58,7033450,6178947.368,6539149.469
211,Urban,22,Hormozgan,5,59,7895015,7046451.613,7395819.853
267,Urban,22,Hormozgan,6,56,8993518.519,7936764.706,8489141.45
322,Urban,22,Hormozgan,7,51,10411025.64,9083103.448,9787408.74
338,Urban,22,Hormozgan,8,62,12454545.45,10489583.33,11495090.17
387,Urban,22,Hormozgan,9,49,16367037.04,12511305.88,14160262.58
428,Urban,6,Khoozestan,10,28,35261481.48,12976829.27,17955908.32
18,Urban,16,Ilam,1,29,3182580.645,1252941.176,2582565.813
74,Urban,16,Ilam,2,41,3903372.093,3237722.222,3545014.188
111,Urban,16,Ilam,3,37,4545552.632,3934605.263,4261149.244
167,Urban,16,Ilam,4,53,5194736.842,4570236.842,4873579.757
192,Urban,16,Ilam,5,56,5839210.526,5200909.091,5477023.513
257,Urban,16,Ilam,6,67,6629727.273,5861916.667,6240502.89
319,Urban,16,Ilam,7,55,7694034.483,6709117.647,7160367.087
345,Urban,16,Ilam,8,61,9114454.545,7758409.091,8421650.298
396,Urban,16,Ilam,9,43,12019500,9270000,10441370.72
777,Rural,6,Khoozestan,10,83,48777647.06,8244074.074,11703364.29
28,Urban,8,Kerman,1,76,2948529.412,1410600,2456682.993
60,Urban,8,Kerman,2,72,3620000,2971860.465,3313138.457
100,Urban,8,Kerman,3,50,4205925.926,3625185.185,3886607.196
178,Urban,8,Kerman,4,46,4786206.897,4226666.667,4506005.123
197,Urban,8,Kerman,5,48,5378863.636,4797916.667,5085577.263
258,Urban,8,Kerman,6,45,6129411.765,5406250,5706021.723
304,Urban,8,Kerman,7,34,7107407.407,6167037.037,6550338.958
364,Urban,8,Kerman,8,21,8347000,7188888.889,7783324.888
410,Urban,8,Kerman,9,15,10912647.06,8585294.118,9636980.159
453,Urban,7,Fars,10,25,134438235.3,14076000,22480067.3
36,Urban,5,Kermanshah,1,23,3358157.895,1815865.385,2910392.383
67,Urban,5,Kermanshah,2,25,4118578.947,3413593.75,3787676.894
137,Urban,5,Kermanshah,3,29,4767468.75,4226600,4535274.429
158,Urban,5,Kermanshah,4,40,5470774.194,4821718.75,5136275.852
205,Urban,5,Kermanshah,5,38,6159958.333,5498372.093,5817751.037
248,Urban,5,Kermanshah,6,52,7033000,6185454.545,6566980.468
300,Urban,5,Kermanshah,7,56,8172500,7059516.129,7539843
365,Urban,5,Kermanshah,8,78,9718894.737,8234222.222,8934613.772
388,Urban,5,Kermanshah,9,73,12807419.35,9769705.882,11049178.09
773,Rural,7,Fars,10,85,58880000,9265909.091,13575584.52
16,Urban,6,Khoozestan,1,48,3409230.769,1238636.364,2831148.384
53,Urban,6,Khoozestan,2,66,4200833.333,3439200,3800350.417
110,Urban,6,Khoozestan,3,44,4870689.655,4207500,4550444.093
170,Urban,6,Khoozestan,4,56,5541935.484,4889062.5,5248477.079
191,Urban,6,Khoozestan,5,42,6252083.333,5561562.5,5846737.028
264,Urban,6,Khoozestan,6,45,7105555.556,6272222.222,6628923.22
290,Urban,6,Khoozestan,7,45,8265909.091,7136774.194,7585839.125
363,Urban,6,Khoozestan,8,34,9848148.148,8329000,8966898.788
401,Urban,6,Khoozestan,9,40,12714375,9920833.333,11054274.98
464,Urban,8,Kerman,10,21,36790909.09,11551000,15994678.25
5,Urban,29,Khorasan_Jonoobi,1,117,3131818.182,918235.2941,2505324.078
54,Urban,29,Khorasan_Jonoobi,2,83,3832000,3146458.333,3489641.169
122,Urban,29,Khorasan_Jonoobi,3,81,4446111.111,3853676.471,4157245.759
163,Urban,29,Khorasan_Jonoobi,4,80,5077968.75,4467647.059,4789702.877
193,Urban,29,Khorasan_Jonoobi,5,55,5721176.471,5088235.294,5368831.812
268,Urban,29,Khorasan_Jonoobi,6,65,6505645.161,5742647.059,6124046.229
308,Urban,29,Khorasan_Jonoobi,7,46,7578235.294,6545882.353,6975966.136
372,Urban,29,Khorasan_Jonoobi,8,37,8914500,7665645.161,8228599.049
407,Urban,29,Khorasan_Jonoobi,9,48,11817647.06,9099411.765,10440795.96
774,Rural,8,Kerman,10,23,23460416.67,7372941.176,9525664.982
29,Urban,9,Khorasan_Razavi,1,40,3473074.074,1675555.556,2881567.127
64,Urban,9,Khorasan_Razavi,2,38,4258000,3497058.824,3914152.696
108,Urban,9,Khorasan_Razavi,3,36,4941045.455,4266896.552,4601795.121
156,Urban,9,Khorasan_Razavi,4,37,5612454.545,4950222.222,5324493.485
224,Urban,9,Khorasan_Razavi,5,36,6333333.333,5669629.63,5919157.127
251,Urban,9,Khorasan_Razavi,6,38,7226666.667,6353333.333,6746592.35
325,Urban,9,Khorasan_Razavi,7,31,8381481.481,7307407.407,7810285.264
350,Urban,9,Khorasan_Razavi,8,42,9949100,8421193.548,9230109.517
398,Urban,9,Khorasan_Razavi,9,34,13011000,10055000,11340474.71
444,Urban,9,Khorasan_Razavi,10,45,63395833.33,13217647.06,18327898.57
41,Urban,28,Khorasan_Shomali,1,37,3107948.718,1886764.706,2633911.361
73,Urban,28,Khorasan_Shomali,2,55,3792592.593,3137419.355,3481933.474
120,Urban,28,Khorasan_Shomali,3,69,4415862.069,3819000,4170578.451
154,Urban,28,Khorasan_Shomali,4,77,5015294.118,4424952.5,4748589.447
218,Urban,28,Khorasan_Shomali,5,77,5665555.556,5057500,5389950.884
246,Urban,28,Khorasan_Shomali,6,85,6463964.583,5677500,6060322.302
292,Urban,28,Khorasan_Shomali,7,81,7505161.29,6471859.259,6943061.808
333,Urban,28,Khorasan_Shomali,8,77,8898333.333,7514193.548,8093779.647
397,Urban,28,Khorasan_Shomali,9,79,11750000,8987941.176,10091762.19
768,Rural,9,Khorasan_Razavi,10,114,44291560,8777941.176,13094189.82
40,Urban,17,Kohkilooye,1,29,4035833.333,2290588.235,3499780.894
65,Urban,17,Kohkilooye,2,46,4967560.976,4079069.767,4567230.222
97,Urban,17,Kohkilooye,3,63,5762500,4970370.37,5405510.678
174,Urban,17,Kohkilooye,4,55,6573750,5785454.545,6223155.733
213,Urban,17,Kohkilooye,5,54,7395483.871,6588000,6953813.787
243,Urban,17,Kohkilooye,6,65,8385813.953,7404545.455,7963224.469
286,Urban,17,Kohkilooye,7,63,9758148.148,8435555.556,9077452.727
331,Urban,17,Kohkilooye,8,71,11680000,9800000,10572709.46
389,Urban,17,Kohkilooye,9,58,15309259.26,11700000,13196778.3
451,Urban,10,Esfahan,10,35,57567105.26,13591764.71,20140567.02
32,Urban,12,Kordestan,1,33,3816888.889,1933064.516,3121018.368
88,Urban,12,Kordestan,2,40,4682888.889,3928518.519,4397249.127
115,Urban,12,Kordestan,3,56,5414296.296,4693529.412,5073773.452
166,Urban,12,Kordestan,4,55,6193055.556,5445000,5847582.482
201,Urban,12,Kordestan,5,64,6967205.882,6202875,6548911.174
247,Urban,12,Kordestan,6,70,7925603.448,6980517.241,7439638.725
317,Urban,12,Kordestan,7,61,9228235.294,7995636.364,8614715.513
334,Urban,12,Kordestan,8,56,10942777.78,9240208.333,9994230.769
403,Urban,12,Kordestan,9,48,14454090.91,11083526.32,12378462.91
771,Rural,10,Esfahan,10,107,110346000,9647500,15439669.15
37,Urban,15,Lorestan,1,39,3036388.889,1639750,2615194.605
80,Urban,15,Lorestan,2,34,3738981.481,3094354.839,3466344.046
98,Urban,15,Lorestan,3,42,4332037.037,3741944.444,4026484.44
181,Urban,15,Lorestan,4,45,4947166.667,4374838.71,4659573.077
208,Urban,15,Lorestan,5,47,5567647.059,4958020.833,5256604.255
273,Urban,15,Lorestan,6,57,6301979.167,5596296.296,5907423.864
296,Urban,15,Lorestan,7,63,7365862.069,6358000,6775151.173
336,Urban,15,Lorestan,8,56,8764117.647,7380208.333,8073434.852
391,Urban,15,Lorestan,9,45,11464629.63,8810882.353,9945184.481
455,Urban,11,Sistan,10,30,26617241.38,10150925.93,14699187.89
6,Urban,0,Markazi,1,51,3772580.645,1146774.194,3120232.266
52,Urban,0,Markazi,2,41,4628409.091,3810000,4236419.507
106,Urban,0,Markazi,3,37,5392500,4660967.742,4994625.809
162,Urban,0,Markazi,4,42,6080000,5409736.842,5733136.875
194,Urban,0,Markazi,5,33,6931250,6162954.545,6498933.955
259,Urban,0,Markazi,6,46,7875000,6946296.296,7410334.059
313,Urban,0,Markazi,7,51,9171136.364,7938636.364,8520192.118
347,Urban,0,Markazi,8,38,10858235.29,9195833.333,9984648.957
381,Urban,0,Markazi,9,49,13965454.55,10948409.09,12011025.98
769,Rural,11,Sistan,10,17,15758823.53,6633148.148,9375678.733
46,Urban,2,Mazandaran,1,13,3672888.889,2812903.226,3124263.901
66,Urban,2,Mazandaran,2,25,4577931.034,3804310.345,4218677.715
134,Urban,2,Mazandaran,3,26,5344545.455,4684296.296,5023115.053
152,Urban,2,Mazandaran,4,36,6097000,5372916.667,5771071.331
222,Urban,2,Mazandaran,5,45,6854518.519,6150882.353,6490002.968
240,Urban,2,Mazandaran,6,55,7836363.636,6892413.793,7403526.635
305,Urban,2,Mazandaran,7,54,9123522.727,7874545.455,8511552.527
346,Urban,2,Mazandaran,8,66,10870645.16,9137096.774,10019552.68
393,Urban,2,Mazandaran,9,66,14272058.82,10900681.82,12513674.37
457,Urban,12,Kordestan,10,22,23925294.12,14624875,18082026.35
39,Urban,20,Semnan,1,21,2884375,1575980.392,2386327.164
68,Urban,20,Semnan,2,20,3506250,2907631.579,3284436.975
128,Urban,20,Semnan,3,32,4069655.172,3552083.333,3819859.642
155,Urban,20,Semnan,4,46,4647407.407,4105789.474,4364059.139
202,Urban,20,Semnan,5,61,5217685.185,4681388.889,4919502.794
256,Urban,20,Semnan,6,57,5985161.29,5272962.963,5604560.232
287,Urban,20,Semnan,7,55,6932500,6000740.741,6509736.281
358,Urban,20,Semnan,8,60,8295000,6998636.364,7584845.543
382,Urban,20,Semnan,9,66,10807916.67,8312000,9320273.183
779,Rural,12,Kordestan,10,19,35640322.58,9682343.75,13296302.18
24,Urban,603,Sh_Ahvaz,1,31,5187368.421,2379687.5,3988759.704
69,Urban,603,Sh_Ahvaz,2,19,6386875,5294137.931,5843310.564
121,Urban,603,Sh_Ahvaz,3,19,7451250,6449736.842,7029957.337
185,Urban,603,Sh_Ahvaz,4,15,8388823.529,7535526.316,7989609.613
206,Urban,603,Sh_Ahvaz,5,10,9474354.839,8525555.556,8957208.459
272,Urban,603,Sh_Ahvaz,6,15,10879411.76,9617931.034,10172775.99
291,Urban,603,Sh_Ahvaz,7,16,12639629.63,10929583.33,11625755.51
376,Urban,603,Sh_Ahvaz,8,20,14866250,12974146.34,13919113.23
377,Urban,603,Sh_Ahvaz,9,30,19833125,15124545.45,17181154.23
463,Urban,13,Hamedan,10,39,26709166.67,11725483.87,16160620.1
34,Urban,1,Sh_Arak,1,12,4290322.581,2261176.471,3698330.693
79,Urban,1,Sh_Arak,2,15,5177272.727,4360645.161,4829781.213
127,Urban,1,Sh_Arak,3,18,6070322.581,5295789.474,5754712.938
183,Urban,1,Sh_Arak,4,13,6974545.455,6171470.588,6514450.935
229,Urban,1,Sh_Arak,5,22,7844354.839,7024333.333,7407291.402
277,Urban,1,Sh_Arak,6,20,8895882.353,7902916.667,8451579.279
324,Urban,1,Sh_Arak,7,18,10250416.67,9029000,9656473.277
337,Urban,1,Sh_Arak,8,13,12321176.47,10402083.33,11309691.21
421,Urban,1,Sh_Arak,9,13,16264000,12740645.16,14239822.64
759,Rural,13,Hamedan,10,69,21708529.41,8379000,11303348.25
14,Urban,2202,Sh_Bandarabas,1,46,4361172.414,1522619.048,3408053.4
48,Urban,2202,Sh_Bandarabas,2,24,5314925.926,4369146.667,4883203.343
116,Urban,2202,Sh_Bandarabas,3,30,6148272.727,5354838.824,5793582.877
160,Urban,2202,Sh_Bandarabas,4,24,6959482.759,6207840.909,6648679.775
232,Urban,2202,Sh_Bandarabas,5,20,7934755.556,7134444.444,7538595.356
266,Urban,2202,Sh_Bandarabas,6,16,9038645.161,7976666.667,8541193.563
293,Urban,2202,Sh_Bandarabas,7,19,10533225.81,9077148.148,9663492.521
373,Urban,2202,Sh_Bandarabas,8,22,12503888.89,10682636.36,11749793.83
386,Urban,2202,Sh_Bandarabas,9,32,16411416.67,12569909.09,14049651.66
443,Urban,14,Chaharmahal,10,34,78824705.88,17497037.04,23251920.48
26,Urban,1002,Sh_Esfahan,1,13,4349259.259,2094772.727,3589742.718
89,Urban,1002,Sh_Esfahan,2,19,5362916.667,4601176.471,5000112.572
136,Urban,1002,Sh_Esfahan,3,17,6247916.667,5580454.545,5871349.243
180,Urban,1002,Sh_Esfahan,4,27,7241000,6403137.931,6876004.021
231,Urban,1002,Sh_Esfahan,5,35,8074705.882,7308064.516,7734036.703
274,Urban,1002,Sh_Esfahan,6,28,9237205.882,8207105.263,8716645.353
283,Urban,1002,Sh_Esfahan,7,44,10799411.76,9303409.091,10095906.28
361,Urban,1002,Sh_Esfahan,8,54,12831666.67,10863529.41,11782694.7
409,Urban,1002,Sh_Esfahan,9,48,16592941.18,12987058.82,14592012.85
778,Rural,14,Chaharmahal,10,31,35401352.94,10520588.24,15918131.32
42,Urban,1304,Sh_Hamedan,1,13,3740909.091,2394067.797,3320069.051
93,Urban,1304,Sh_Hamedan,2,20,4518965.517,3905806.452,4206723.62
133,Urban,1304,Sh_Hamedan,3,17,5295862.069,4640370.37,4891537.134
150,Urban,1304,Sh_Hamedan,4,20,6075000,5332083.333,5708690.358
220,Urban,1304,Sh_Hamedan,5,8,6811612.903,6102941.176,6401490.281
271,Urban,1304,Sh_Hamedan,6,22,7788235.294,6862500,7329356.355
285,Urban,1304,Sh_Hamedan,7,23,9002000,7793529.412,8318469.885
374,Urban,1304,Sh_Hamedan,8,23,10765925.93,9181000,10000788.36
394,Urban,1304,Sh_Hamedan,9,23,14132352.94,10819411.76,12031855.76
432,Urban,15,Lorestan,10,45,63825967.74,11566296.3,17443812.43
12,Urban,3001,Sh_Karaj,1,13,4899951.316,1691764.706,4007775.728
91,Urban,3001,Sh_Karaj,2,30,5986140.741,5108863.636,5598384.613
96,Urban,3001,Sh_Karaj,3,15,6956051.579,6040783.333,6565283.771
177,Urban,3001,Sh_Karaj,4,21,7965161.29,7044000,7425200.43
217,Urban,3001,Sh_Karaj,5,29,8917741.935,8017727.273,8486925.818
282,Urban,3001,Sh_Karaj,6,26,10107388.89,9115147.059,9629089.375
321,Urban,3001,Sh_Karaj,7,38,11833676.47,10317647.06,10981485.99
359,Urban,3001,Sh_Karaj,8,40,14122727.27,11964000,13092704.07
399,Urban,3001,Sh_Karaj,9,54,18626470.59,14251250,16474298.53
764,Rural,15,Lorestan,10,67,27383437.5,6891666.667,9616996.331
23,Urban,808,Sh_Kerman,1,19,4343888.889,1978684.211,3397990.367
78,Urban,808,Sh_Kerman,2,10,5359318.182,4525208.333,5006773.404
124,Urban,808,Sh_Kerman,3,11,6314666.667,5495370.37,5852910.837
182,Urban,808,Sh_Kerman,4,10,7156875,6409677.419,6881324.917
235,Urban,808,Sh_Kerman,5,3,7959629.63,7391000,7640279.321
261,Urban,808,Sh_Kerman,6,11,9209166.667,8178333.333,8636316.904
309,Urban,808,Sh_Kerman,7,8,10479705.88,9337352.941,9841803.43
352,Urban,808,Sh_Kerman,8,8,12717272.73,10835000,11822417.88
422,Urban,808,Sh_Kerman,9,4,14125000,13571111.11,13743927.86
430,Urban,16,Ilam,10,36,163172000,12138181.82,20725343.42
43,Urban,502,Sh_Kermanshah,1,7,3579032.258,2498155.556,3156047.252
82,Urban,502,Sh_Kermanshah,2,15,4464400,3706352.941,4065114.273
138,Urban,502,Sh_Kermanshah,3,12,5119090.909,4565111.111,4875000.961
184,Urban,502,Sh_Kermanshah,4,21,5915791.667,5238322.581,5595364.872
233,Urban,502,Sh_Kermanshah,5,18,6626954.545,5977125,6214065.732
252,Urban,502,Sh_Kermanshah,6,24,7555375,6669705.882,7102248.496
327,Urban,502,Sh_Kermanshah,7,21,8803882.353,7756000,8231976.587
341,Urban,502,Sh_Kermanshah,8,22,10499045.45,8829235.294,9563014.935
417,Urban,502,Sh_Kermanshah,9,21,13789800,10706583.33,12162070.45
765,Rural,16,Ilam,10,47,18226470.59,7845277.778,9972667.586
30,Urban,916,Sh_Mashhad,1,34,3879862.069,1912500,3109474.11
75,Urban,916,Sh_Mashhad,2,36,4828823.529,4002272.727,4445280.593
101,Urban,916,Sh_Mashhad,3,39,5622962.963,4854111.111,5238445.664
187,Urban,916,Sh_Mashhad,4,23,6298387.097,5752941.176,6034491.157
199,Urban,916,Sh_Mashhad,5,37,7157148.148,6423958.333,6713905.742
253,Urban,916,Sh_Mashhad,6,37,8224611.111,7233421.053,7754634.075
303,Urban,916,Sh_Mashhad,7,40,9512352.941,8254041.667,8901452.523
348,Urban,916,Sh_Mashhad,8,40,11357083.33,9584444.444,10572840.81
383,Urban,916,Sh_Mashhad,9,47,14900909.09,11410058.82,13045327.82
458,Urban,17,Kohkilooye,10,35,35396875,15542272.73,20493445.47
27,Urban,105,Sh_Rasht,1,11,4138588.235,2035000,3221950.803
85,Urban,105,Sh_Rasht,2,14,5221896.552,4340416.667,4723551.041
139,Urban,105,Sh_Rasht,3,5,5731911.765,5344090.909,5470392.971
151,Urban,105,Sh_Rasht,4,22,6759363.636,6070909.091,6403740.027
216,Urban,105,Sh_Rasht,5,20,7735588.235,6939166.667,7285742.046
281,Urban,105,Sh_Rasht,6,15,8816724.138,7883064.516,8374035.003
288,Urban,105,Sh_Rasht,7,25,10177647.06,8877647.059,9572453.386
366,Urban,105,Sh_Rasht,8,21,12168235.29,10383125,11077098.5
420,Urban,105,Sh_Rasht,9,14,15857750,12537727.27,13862890.86
780,Rural,17,Kohkilooye,10,8,19821176.47,11707105.26,13790041.31
35,Urban,707,Sh_Shiraz,1,6,4027096.774,2223333.333,3601799.842
87,Urban,707,Sh_Shiraz,2,9,5075344.828,4239807.692,4760058.998
126,Urban,707,Sh_Shiraz,3,25,5803103.448,5111935.484,5515630.773
168,Urban,707,Sh_Shiraz,4,27,6695000,5924074.074,6320423.228
198,Urban,707,Sh_Shiraz,5,27,7576250,6742916.667,7180525.883
237,Urban,707,Sh_Shiraz,6,34,8623181.818,7583333.333,8039124.562
323,Urban,707,Sh_Shiraz,7,34,9997083.333,8717222.222,9386972.695
375,Urban,707,Sh_Shiraz,8,33,11901612.9,10262500,10988484.58
418,Urban,707,Sh_Shiraz,9,42,15631851.85,12193548.39,13834497.1
440,Urban,18,Booshehr,10,50,63961200,13974444.44,18976674.13
33,Urban,303,Sh_Tabriz,1,24,3603208.333,1823548.387,3059883.265
92,Urban,303,Sh_Tabriz,2,23,4353333.333,3746419.355,4066840.895
95,Urban,303,Sh_Tabriz,3,26,5076185.185,4408235.294,4746464.89
146,Urban,303,Sh_Tabriz,4,30,5820681.818,5118636.364,5457196.398
189,Urban,303,Sh_Tabriz,5,29,6558793.103,5834117.647,6183885.476
275,Urban,303,Sh_Tabriz,6,30,7460000,6602352.941,7011556.408
295,Urban,303,Sh_Tabriz,7,25,8619558.824,7492000,8002145.29
356,Urban,303,Sh_Tabriz,8,29,10245588.24,8721666.667,9493297.759
404,Urban,303,Sh_Tabriz,9,27,13406838.24,10432096.77,11687507.89
761,Rural,18,Booshehr,10,56,31101000,9313750,12652081.62
13,Urban,2301,Sh_Tehran,1,88,8147419.355,2813621.622,6385386.397
61,Urban,2301,Sh_Tehran,2,83,9926193.548,8184636.364,9071783.505
117,Urban,2301,Sh_Tehran,3,87,11574210.53,10000166.67,10768352.06
143,Urban,2301,Sh_Tehran,4,91,13194448.28,11583037.04,12404537.39
195,Urban,2301,Sh_Tehran,5,79,14837045.45,13209250,13994503.81
236,Urban,2301,Sh_Tehran,6,93,16882181.82,14855227.27,15843137.34
299,Urban,2301,Sh_Tehran,7,83,19670000,16971666.67,18242180.4
330,Urban,2301,Sh_Tehran,8,108,23379333.33,19677045.45,21295344.89
395,Urban,2301,Sh_Tehran,9,138,30610117.65,23510058.82,26741553.43
446,Urban,19,Zanjan,10,68,83441608.62,12689441.38,18158316.33
19,Urban,401,Sh_Urmia,1,2,2748627.451,1297058.824,2022843.137
86,Urban,401,Sh_Urmia,2,7,3841176.471,3316392.778,3586659.929
141,Urban,401,Sh_Urmia,3,5,4608148.148,4196896.552,4388796.819
145,Urban,401,Sh_Urmia,4,4,5057407.407,4629545.455,4829110.901
226,Urban,401,Sh_Urmia,5,14,5719259.259,5305882.353,5512598.798
280,Urban,401,Sh_Urmia,6,4,6700000,6005625,6255019.886
314,Urban,401,Sh_Urmia,7,10,7747058.824,6800227.273,7165445.643
343,Urban,401,Sh_Urmia,8,12,9179250,7871764.706,8365659.096
408,Urban,401,Sh_Urmia,9,12,12197727.27,9441636.364,10873275.21
754,Rural,19,Zanjan,10,37,56083130.91,9811077.273,17215845.29
22,Urban,2105,Sh_Yazd,1,18,4088108.108,1754000,3187667.744
90,Urban,2105,Sh_Yazd,2,14,4975526.316,4214166.667,4692511.54
119,Urban,2105,Sh_Yazd,3,14,5825294.118,5029687.5,5313006.516
147,Urban,2105,Sh_Yazd,4,17,6638703.704,5827037.037,6257671.75
219,Urban,2105,Sh_Yazd,5,16,7387500,6664117.647,7045064.42
276,Urban,2105,Sh_Yazd,6,18,8480689.655,7521612.903,8040082.801
311,Urban,2105,Sh_Yazd,7,30,9795777.778,8553888.889,9195062.078
370,Urban,2105,Sh_Yazd,8,17,11773793.1,9975176.471,10911769.81
415,Urban,2105,Sh_Yazd,9,21,15319259.26,11935925.93,13324369.24
425,Urban,20,Semnan,10,62,53825000,10909090.91,15949522.28
17,Urban,1105,Sh_Zahedan,1,33,3331481.481,1300000,2428854.778
77,Urban,1105,Sh_Zahedan,2,14,3977083.333,3381842.105,3688435.123
114,Urban,1105,Sh_Zahedan,3,19,4754074.074,4102941.176,4471311.018
188,Urban,1105,Sh_Zahedan,4,8,5209259.259,4858823.529,5018387.191
215,Urban,1105,Sh_Zahedan,5,8,6068387.097,5431034.483,5854425.636
279,Urban,1105,Sh_Zahedan,6,15,6898709.677,6157352.941,6579418.533
328,Urban,1105,Sh_Zahedan,7,12,8004687.5,7152272.727,7622340.99
367,Urban,1105,Sh_Zahedan,8,10,9328218.333,8136176.471,8833976.712
423,Urban,1105,Sh_Zahedan,9,9,12441666.67,10182352.94,11563682.69
776,Rural,20,Semnan,10,45,26108823.53,7838636.364,10762460.88
3,Urban,11,Sistan,1,220,2644756.098,543703.7037,1993648.337
63,Urban,11,Sistan,2,65,3256578.947,2675967.742,2925319.86
104,Urban,11,Sistan,3,62,3769880.952,3264062.5,3525869.812
171,Urban,11,Sistan,4,50,4311764.706,3795156.25,4035064.325
214,Urban,11,Sistan,5,47,4847647.059,4324074.074,4590852.131
239,Urban,11,Sistan,6,48,5513541.667,4856250,5146356.773
307,Urban,11,Sistan,7,45,6404000,5552727.273,5997846.437
360,Urban,11,Sistan,8,37,7657500,6461111.111,7011724.095
414,Urban,11,Sistan,9,44,10049687.5,7743902.439,8573059.77
436,Urban,21,Yazd,10,25,64122564.52,14431875,21842445.17
44,Urban,23,Tehran,1,31,4083421.053,2880000,3664175.094
55,Urban,23,Tehran,2,63,4980454.545,4100000,4544922.371
102,Urban,23,Tehran,3,68,5760588.235,5008387.097,5399849.664
164,Urban,23,Tehran,4,78,6622258.065,5817222.222,6169807.708
204,Urban,23,Tehran,5,70,7438636.364,6630000,7003569.328
269,Urban,23,Tehran,6,44,8479411.765,7477407.407,7937134.752
316,Urban,23,Tehran,7,41,9817727.273,8537407.407,9180210.842
357,Urban,23,Tehran,8,52,11706136.36,9902941.176,10851357.62
413,Urban,23,Tehran,9,38,15391000,11882941.18,13376780.84
775,Rural,21,Yazd,10,128,43348705.88,9978550,15133850.75
11,Urban,21,Yazd,1,47,3769576.667,1303703.704,2888220.75
71,Urban,21,Yazd,2,47,4646410.256,3837931.034,4184859.912
112,Urban,21,Yazd,3,39,5400000,4669259.259,4984548.955
144,Urban,21,Yazd,4,51,6149444.444,5412068.966,5763591.998
196,Urban,21,Yazd,5,39,6898235.294,6172258.065,6509737.281
249,Urban,21,Yazd,6,44,7883661.765,6950000,7384343.255
306,Urban,21,Yazd,7,45,9036411.765,7934814.815,8426332.463
355,Urban,21,Yazd,8,43,10839411.76,9222758.621,10014061.03
400,Urban,21,Yazd,9,41,14304500,11006818.18,12537463.78
429,Urban,22,Hormozgan,10,60,41855882.35,16417857.14,23267273.19
9,Urban,19,Zanjan,1,36,3320344.444,1069110,2518842.673
51,Urban,19,Zanjan,2,36,4077360,3344440.789,3772623.872
123,Urban,19,Zanjan,3,48,4735658.824,4099610.294,4387764.904
161,Urban,19,Zanjan,4,48,5409241.379,4750117.647,5083276.884
207,Urban,19,Zanjan,5,53,6083000,5417500,5756140.28
255,Urban,19,Zanjan,6,58,6927300,6098074.074,6543558.735
310,Urban,19,Zanjan,7,80,8059933.333,6966900,7492644.172
340,Urban,19,Zanjan,8,80,9604916.279,8068361.29,8777388.921
379,Urban,19,Zanjan,9,98,12567000,9611290.323,10959568.23
751,Rural,22,Hormozgan,10,93,26896617.65,9589545.455,12978522.6
493,Rural,30,Alborz,1,9,3064199.216,1579613.208,2595093.54
531,Rural,30,Alborz,2,17,3886827.586,3353780,3619433.674
538,Rural,30,Alborz,3,16,4522387.097,3907222.222,4209607.491
567,Rural,30,Alborz,4,25,5144677.419,4558703.704,4844746.743
599,Rural,30,Alborz,5,29,5758888.889,5173548.387,5468143.05
634,Rural,30,Alborz,6,59,6540833.333,5782708.333,6182194.101
680,Rural,30,Alborz,7,70,7559983.871,6565454.545,7020778.263
703,Rural,30,Alborz,8,80,8840997,7580000,8213783.784
721,Rural,30,Alborz,9,122,11347058.82,8884583.333,10103648.71
452,Urban,23,Tehran,10,26,57108750,15575000,21821914.34
486,Rural,24,Ardebil,1,49,2889705.882,1255882.353,2343471.715
514,Rural,24,Ardebil,2,42,3526129.032,2903500,3215423.222
536,Rural,24,Ardebil,3,61,4118750,3542258.065,3839593.951
565,Rural,24,Ardebil,4,52,4680517.241,4134901.961,4401091.521
614,Rural,24,Ardebil,5,46,5239677.419,4697058.824,4934982.635
638,Rural,24,Ardebil,6,48,5927096.774,5247586.207,5575844.158
685,Rural,24,Ardebil,7,49,6815874.118,5964166.667,6376847.067
706,Rural,24,Ardebil,8,37,8045909.091,6879411.765,7489179.685
741,Rural,24,Ardebil,9,32,10234411.76,8078611.111,8973784.21
756,Rural,23,Tehran,10,60,164494000,10297058.82,19942314.69
473,Rural,4,Az_Gharbi,1,57,2441162.791,550000,1963943.937
508,Rural,4,Az_Gharbi,2,63,2996206.897,2448958.333,2716525.104
551,Rural,4,Az_Gharbi,3,57,3488888.889,3005121.951,3233315.097
578,Rural,4,Az_Gharbi,4,59,3947045.455,3504166.667,3717196.624
598,Rural,4,Az_Gharbi,5,52,4435111.111,3972045.455,4238380.081
650,Rural,4,Az_Gharbi,6,57,5014814.815,4450000,4742123.928
666,Rural,4,Az_Gharbi,7,75,5804583.333,5028823.529,5408769.376
697,Rural,4,Az_Gharbi,8,67,6813000,5815909.091,6229053.721
724,Rural,4,Az_Gharbi,9,69,8564444.444,6823437.5,7604716.565
445,Urban,24,Ardebil,10,32,47938000,13820689.66,18696217.38
482,Rural,3,Az_Sharghi,1,68,2644270.833,1044117.647,2075267.116
511,Rural,3,Az_Sharghi,2,68,3240232.558,2655172.414,2957755.777
547,Rural,3,Az_Sharghi,3,73,3782291.667,3253409.091,3510538.66
564,Rural,3,Az_Sharghi,4,60,4297407.407,3790340.909,4010894.607
612,Rural,3,Az_Sharghi,5,65,4803068.182,4306111.111,4567432.673
648,Rural,3,Az_Sharghi,6,49,5441666.667,4820263.158,5124976.578
670,Rural,3,Az_Sharghi,7,64,6285000,5450000,5851645.537
715,Rural,3,Az_Sharghi,8,68,7385729.167,6329545.455,6839444.697
736,Rural,3,Az_Sharghi,9,63,9359354.839,7400161.29,8272724.738
770,Rural,24,Ardebil,10,41,31091666.67,10361470.59,14636193.64
500,Rural,18,Booshehr,1,17,2597307.692,1849705.882,2226163.012
516,Rural,18,Booshehr,2,38,3179166.667,2621406.25,2913053.971
549,Rural,18,Booshehr,3,37,3716129.032,3198181.818,3454020.217
593,Rural,18,Booshehr,4,59,4210370.37,3757173.913,3981275.246
602,Rural,18,Booshehr,5,51,4709310.345,4228846.154,4447165.967
654,Rural,18,Booshehr,6,65,5335708.333,4748695.652,5033232.115
671,Rural,18,Booshehr,7,67,6170291.667,5355833.333,5756422.177
700,Rural,18,Booshehr,8,68,7203750,6194074.074,6665537.72
737,Rural,18,Booshehr,9,77,9251388.889,7272272.727,8251305.364
426,Urban,25,Ghom,10,49,85147235.29,14490083.33,25378456.57
477,Rural,14,Chaharmahal,1,37,2879976.471,983333.3333,2406428.802
503,Rural,14,Chaharmahal,2,42,3550000,2900064.516,3265475.149
534,Rural,14,Chaharmahal,3,73,4138888.889,3553250,3866721.694
568,Rural,14,Chaharmahal,4,50,4686206.897,4150000,4422002.323
624,Rural,14,Chaharmahal,5,64,5259896.296,4735833.333,4988961.258
642,Rural,14,Chaharmahal,6,61,5946363.636,5267500,5593770.506
682,Rural,14,Chaharmahal,7,40,6851176.471,5977419.355,6390890.441
693,Rural,14,Chaharmahal,8,51,8052291.667,6891590.909,7553148.69
748,Rural,14,Chaharmahal,9,40,10236562.5,8160962.963,8894979.333
763,Rural,25,Ghom,10,43,26360323.53,8864941.176,12366543.06
474,Rural,10,Esfahan,1,41,2680588.235,635294.1176,2289829.17
526,Rural,10,Esfahan,2,42,3294487.179,2765862.069,3034380.479
535,Rural,10,Esfahan,3,75,3831000,3297407.407,3574034.12
588,Rural,10,Esfahan,4,47,4362647.059,3867000,4121973.836
603,Rural,10,Esfahan,5,57,4876470.588,4370000,4609566.444
651,Rural,10,Esfahan,6,61,5510416.667,4896000,5180704.744
686,Rural,10,Esfahan,7,74,6384705.882,5553333.333,5972068.227
707,Rural,10,Esfahan,8,76,7501764.706,6405454.545,6976354.312
727,Rural,10,Esfahan,9,73,9580681.818,7506896.552,8473154.606
433,Urban,26,Ghazvin,10,45,32548823.53,13907500,18832040.77
496,Rural,7,Fars,1,60,2569756.098,1451388.889,2187990.102
525,Rural,7,Fars,2,66,3155555.556,2646774.194,2920016.477
548,Rural,7,Fars,3,81,3692896.552,3173121.951,3432785.086
594,Rural,7,Fars,4,84,4194545.455,3735185.185,3968674.099
618,Rural,7,Fars,5,74,4686206.897,4209772.727,4419386.469
636,Rural,7,Fars,6,76,5290000,4691176.471,4966136.033
674,Rural,7,Fars,7,93,6129272.727,5319354.839,5724623.085
709,Rural,7,Fars,8,89,7127916.667,6158823.529,6625293.318
723,Rural,7,Fars,9,85,9193000,7208000,8121010.506
766,Rural,26,Ghazvin,10,96,36010833.33,9235500,12575742.19
497,Rural,26,Ghazvin,1,13,2551111.111,1707000,2296830.836
529,Rural,26,Ghazvin,2,26,3136764.706,2668974.359,2929910.392
559,Rural,26,Ghazvin,3,28,3673815.789,3178518.519,3453516.729
589,Rural,26,Ghazvin,4,36,4180967.742,3709032.258,3946046.732
607,Rural,26,Ghazvin,5,40,4669090.909,4191612.903,4400865.264
641,Rural,26,Ghazvin,6,62,5288235.294,4684705.882,4996434.353
681,Rural,26,Ghazvin,7,76,6124117.647,5316896.552,5665545.797
691,Rural,26,Ghazvin,8,89,7189000,6129000,6615209.587
731,Rural,26,Ghazvin,9,101,9186500,7200370.37,8080918.99
438,Urban,27,Golestan,10,118,63087083.33,12224074.07,18681602.07
494,Rural,25,Ghom,1,34,2460708.333,1245431.034,2064046.545
522,Rural,25,Ghom,2,43,3031759.259,2506666.667,2769180.863
539,Rural,25,Ghom,3,40,3532000,3039279.487,3288264.753
575,Rural,25,Ghom,4,38,4010812.5,3548411.765,3770037.494
620,Rural,25,Ghom,5,41,4491500,4040625,4245721.375
640,Rural,25,Ghom,6,30,5039363.636,4499351.852,4787828.799
678,Rural,25,Ghom,7,44,5854705.882,5105625,5475391.654
701,Rural,25,Ghom,8,42,6882647.059,5894705.882,6352501.439
740,Rural,25,Ghom,9,35,8740117.647,6925852.941,7634448.344
767,Rural,27,Golestan,10,91,38780000,7491176.471,11419811.19
485,Rural,1,Gilan,1,38,2576451.613,1131000,2102447.807
517,Rural,1,Gilan,2,36,3188333.333,2632941.176,2937911.388
557,Rural,1,Gilan,3,41,3707272.727,3221064.516,3469936.106
591,Rural,1,Gilan,4,34,4241000,3770000,4013177.265
619,Rural,1,Gilan,5,41,4736379.31,4261458.333,4475522.411
632,Rural,1,Gilan,6,37,5278541.667,4746379.31,5004693.086
669,Rural,1,Gilan,7,43,6201458.333,5377361.111,5764967.689
716,Rural,1,Gilan,8,40,7170806.452,6247083.333,6660547.526
735,Rural,1,Gilan,9,53,9281818.182,7302666.667,8210992.704
459,Urban,28,Khorasan_Shomali,10,75,62490588.24,11925000,17150594
478,Rural,27,Golestan,1,39,2089411.765,740000,1611767.446
509,Rural,27,Golestan,2,68,2562083.333,2095294.118,2337301.948
554,Rural,27,Golestan,3,55,2988125,2574583.333,2756946.958
590,Rural,27,Golestan,4,56,3387137.931,3010370.37,3183730.32
616,Rural,27,Golestan,5,72,3781481.481,3404117.647,3595180.079
643,Rural,27,Golestan,6,59,4279444.444,3800735.294,4048651.476
667,Rural,27,Golestan,7,80,4968000,4302058.824,4599343.812
710,Rural,27,Golestan,8,71,5818235.294,4987708.333,5333517.089
743,Rural,27,Golestan,9,84,7428181.818,5849500,6558489.292
758,Rural,28,Khorasan_Shomali,10,49,19047058.82,8208636.364,10783186.37
471,Rural,13,Hamedan,1,72,2336470.588,385294.1176,1651181.064
504,Rural,13,Hamedan,2,60,2862500,2343529.412,2597331.319
533,Rural,13,Hamedan,3,59,3340909.091,2870370.37,3117232.241
572,Rural,13,Hamedan,4,63,3800000,3354166.667,3599300.651
621,Rural,13,Hamedan,5,32,4213636.364,3821176.471,4015615.784
649,Rural,13,Hamedan,6,61,4803235.294,4262083.333,4506959.707
684,Rural,13,Hamedan,7,57,5453333.333,4832580.645,5148543.213
699,Rural,13,Hamedan,8,63,6493076.923,5572941.176,6041375.584
747,Rural,13,Hamedan,9,60,8341860.465,6577272.727,7368184.887
427,Urban,29,Khorasan_Jonoobi,10,37,26122941.18,11871666.67,14483543.23
479,Rural,22,Hormozgan,1,94,2685172.414,1007179.744,2058515.484
502,Rural,22,Hormozgan,2,48,3284370.37,2687500,2988848.944
544,Rural,22,Hormozgan,3,59,3833250,3298333.333,3577914.355
573,Rural,22,Hormozgan,4,52,4354358.974,3848500,4098607.746
622,Rural,22,Hormozgan,5,44,4864705.882,4385940.313,4641724.741
639,Rural,22,Hormozgan,6,57,5518372.093,4880243.902,5188221.24
661,Rural,22,Hormozgan,7,69,6374444.444,5522222.222,5977089.904
696,Rural,22,Hormozgan,8,69,7474814.815,6389096.364,6956586.349
729,Rural,22,Hormozgan,9,85,9571916.389,7499722.222,8369422.276
772,Rural,29,Khorasan_Jonoobi,10,43,16129166.67,7713529.412,9959736.971
481,Rural,16,Ilam,1,25,2184193.548,850000,1861561.93
530,Rural,16,Ilam,2,30,2683414.634,2301250,2526084.77
550,Rural,16,Ilam,3,55,3117096.774,2692105.263,2914483.852
577,Rural,16,Ilam,4,61,3552903.226,3139655.172,3333233.475
617,Rural,16,Ilam,5,46,3969237.288,3567200,3777673.179
656,Rural,16,Ilam,6,61,4496470.588,4009375,4283636.813
660,Rural,16,Ilam,7,77,5193750,4502631.579,4823366.417
718,Rural,16,Ilam,8,68,6102407.407,5255937.5,5600928.623
738,Rural,16,Ilam,9,58,7808636.364,6122058.824,6833561.16
467,Urban,30,Alborz,10,8,36231095.83,18056979.17,23947675.65
490,Rural,8,Kerman,1,69,2053181.818,930526.3158,1767624.694
506,Rural,8,Kerman,2,100,2513541.667,2054883.721,2288231.333
545,Rural,8,Kerman,3,80,2936666.667,2520967.742,2706918.383
571,Rural,8,Kerman,4,69,3332058.824,2940000,3146863.357
604,Rural,8,Kerman,5,58,3715833.333,3335517.241,3522457.813
647,Rural,8,Kerman,6,53,4214074.074,3732352.941,3969285.862
679,Rural,8,Kerman,7,43,4874117.647,4231481.481,4530709.702
695,Rural,8,Kerman,8,40,5695172.414,4881481.481,5327899.632
749,Rural,8,Kerman,9,39,7220588.235,5786093.75,6444532.098
750,Rural,30,Alborz,10,112,68271875,11365790.32,17038910.38
501,Rural,5,Kermanshah,1,7,2201612.903,1757352.941,1967590.212
513,Rural,5,Kermanshah,2,20,2764300,2265823.529,2493778.124
553,Rural,5,Kermanshah,3,32,3216868.421,2773333.333,3020264.047
576,Rural,5,Kermanshah,4,41,3662241.379,3232222.222,3461067.063
615,Rural,5,Kermanshah,5,58,4084000,3669302.326,3865535.989
655,Rural,5,Kermanshah,6,66,4633818.182,4121363.636,4362343.726
687,Rural,5,Kermanshah,7,89,5342916.667,4658814.815,5003175.108
690,Rural,5,Kermanshah,8,105,6232941.176,5359972.222,5794488.801
726,Rural,5,Kermanshah,9,138,8048612.903,6295000,7082141.052
462,Urban,105,Sh_Rasht,10,28,36399705.88,16457741.94,24147429.56
489,Rural,6,Khoozestan,1,26,2250000,1008333.333,1906625.929
519,Rural,6,Khoozestan,2,48,2792592.593,2299473.684,2571819.284
541,Rural,6,Khoozestan,3,70,3265000,2800000,3030730.543
570,Rural,6,Khoozestan,4,83,3704411.765,3267441.86,3475800.951
625,Rural,6,Khoozestan,5,76,4135937.5,3729545.455,3932282.048
630,Rural,6,Khoozestan,6,91,4681481.481,4142500,4421198.635
672,Rural,6,Khoozestan,7,101,5415161.29,4697560.976,5083522.263
704,Rural,6,Khoozestan,8,66,6360000,5431578.947,5855523.7
720,Rural,6,Khoozestan,9,76,8104838.71,6364814.815,7137618.097
454,Urban,303,Sh_Tabriz,10,49,42560000,13721111.11,21511066.16
488,Rural,29,Khorasan_Jonoobi,1,119,2137916.667,941176.4706,1714604.491
505,Rural,29,Khorasan_Jonoobi,2,118,2632000,2152000,2414094.205
542,Rural,29,Khorasan_Jonoobi,3,74,3073529.412,2639000,2864291.522
583,Rural,29,Khorasan_Jonoobi,4,88,3491944.444,3085675.676,3280842.102
600,Rural,29,Khorasan_Jonoobi,5,77,3901612.903,3493636.364,3700973.394
629,Rural,29,Khorasan_Jonoobi,6,58,4399117.647,3903529.412,4125264.607
676,Rural,29,Khorasan_Jonoobi,7,58,5097941.176,4431647.059,4778790.438
713,Rural,29,Khorasan_Jonoobi,8,37,5966470.588,5135909.091,5479892.078
733,Rural,29,Khorasan_Jonoobi,9,33,7633793.103,6004583.333,6593261.233
466,Urban,401,Sh_Urmia,10,16,25212931.03,12799137.93,16241619.78
491,Rural,9,Khorasan_Razavi,1,57,2436958.333,1152482.759,2003019.946
518,Rural,9,Khorasan_Razavi,2,81,3003378.378,2469259.259,2771628.635
556,Rural,9,Khorasan_Razavi,3,85,3479407.407,3018225.806,3250381.497
569,Rural,9,Khorasan_Razavi,4,89,3976818.182,3508500,3747481.33
595,Rural,9,Khorasan_Razavi,5,75,4441481.481,3980243.902,4223867.455
626,Rural,9,Khorasan_Razavi,6,76,5032638.889,4446551.724,4708223.404
657,Rural,9,Khorasan_Razavi,7,85,5819537.037,5034862.069,5372716.078
712,Rural,9,Khorasan_Razavi,8,79,6817647.059,5845735.294,6251145.803
722,Rural,9,Khorasan_Razavi,9,101,8732352.941,6837592.593,7694797.542
435,Urban,502,Sh_Kermanshah,10,31,77733529.41,13846266.67,25272489.53
498,Rural,28,Khorasan_Shomali,1,38,2278611.111,1567741.935,2028320.685
512,Rural,28,Khorasan_Shomali,2,74,2811823.529,2304166.667,2575176.134
560,Rural,28,Khorasan_Shomali,3,68,3281111.111,2828750,3064909.479
579,Rural,28,Khorasan_Shomali,4,87,3718333.333,3288636.364,3474081.432
596,Rural,28,Khorasan_Shomali,5,87,4160058.824,3727363.636,3945489.101
627,Rural,28,Khorasan_Shomali,6,83,4713000,4164375,4446751.813
664,Rural,28,Khorasan_Shomali,7,80,5452083.333,4718147.727,5058085.539
698,Rural,28,Khorasan_Shomali,8,64,6399444.444,5459555.556,5877694.915
744,Rural,28,Khorasan_Shomali,9,65,8151111.111,6423125,7215181.989
424,Urban,603,Sh_Ahvaz,10,40,54524137.93,19856666.67,28134508.88
484,Rural,17,Kohkilooye,1,75,3193611.111,1369487.179,2663662.715
510,Rural,17,Kohkilooye,2,73,3940909.091,3229074.074,3557520.234
552,Rural,17,Kohkilooye,3,83,4595000,3960000,4280879.495
574,Rural,17,Kohkilooye,4,75,5223529.412,4614814.815,4919203.838
608,Rural,17,Kohkilooye,5,65,5775416.667,5236470.588,5513574.627
628,Rural,17,Kohkilooye,6,80,6618965.517,5846470.588,6225333.246
658,Rural,17,Kohkilooye,7,58,7620370.37,6620810.811,7100310.325
717,Rural,17,Kohkilooye,8,40,8983243.243,7728518.519,8295899.648
745,Rural,17,Kohkilooye,9,30,11209411.76,9017727.273,9831493.313
465,Urban,707,Sh_Shiraz,10,55,68867647.06,16283181.82,25469143.37
483,Rural,12,Kordestan,1,23,2654722.222,1133000,2053531.61
524,Rural,12,Kordestan,2,29,3267916.667,2720000,3019985.05
555,Rural,12,Kordestan,3,28,3803882.353,3283968.75,3561256.507
587,Rural,12,Kordestan,4,38,4325275.862,3834241.379,4046563.601
609,Rural,12,Kordestan,5,47,4826875,4335294.118,4587595.898
645,Rural,12,Kordestan,6,38,5474838.71,4847793.103,5137401.284
659,Rural,12,Kordestan,7,35,6277083.333,5481290.323,5833221.579
692,Rural,12,Kordestan,8,35,7425772.727,6340147.059,6797888.684
746,Rural,12,Kordestan,9,24,9423750,7479655.172,8296474.864
470,Urban,808,Sh_Kerman,10,4,36869000,18575294.12,25861280.75
499,Rural,15,Lorestan,1,19,1903250,1335500,1706326.651
523,Rural,15,Lorestan,2,41,2358250,1952500,2199462.42
543,Rural,15,Lorestan,3,48,2743589.744,2362132.353,2577048.311
592,Rural,15,Lorestan,4,50,3111764.706,2776944.444,2927025.131
611,Rural,15,Lorestan,5,57,3480454.545,3128644.068,3291420.589
633,Rural,15,Lorestan,6,80,3943750,3494516.129,3693626.549
673,Rural,15,Lorestan,7,80,4563518.519,3962962.963,4258756.455
694,Rural,15,Lorestan,8,66,5363750,4575681.818,4927761.874
739,Rural,15,Lorestan,9,65,6792500,5379722.222,6041677.014
431,Urban,916,Sh_Mashhad,10,55,55370588.24,14997058.82,21861360.91
480,Rural,0,Markazi,1,126,3174558.824,1193750,2553259.678
521,Rural,0,Markazi,2,74,3891176.471,3207647.059,3590096.446
546,Rural,0,Markazi,3,71,4545185.185,3901093.75,4257662.769
566,Rural,0,Markazi,4,87,5144444.444,4547058.824,4801420.226
613,Rural,0,Markazi,5,73,5757647.059,5164583.333,5459917.458
644,Rural,0,Markazi,6,70,6520454.545,5773529.412,6170822.611
663,Rural,0,Markazi,7,72,7545294.118,6530909.091,7044537.865
708,Rural,0,Markazi,8,61,8843000,7568000,8200078.34
725,Rural,0,Markazi,9,96,11329411.76,8864705.882,10062018.45
434,Urban,1002,Sh_Esfahan,10,61,137930689.7,16969117.65,29122633.07
492,Rural,2,Mazandaran,1,15,2728268.182,1360000,2312476.703
532,Rural,2,Mazandaran,2,12,3370900,2972272.727,3201196.433
562,Rural,2,Mazandaran,3,33,3955032.258,3430065.789,3724254.51
580,Rural,2,Mazandaran,4,34,4498409.091,3982483.871,4231574.683
597,Rural,2,Mazandaran,5,53,5029705.882,4511072.581,4738734.676
652,Rural,2,Mazandaran,6,47,5705909.091,5059090.909,5356742.683
675,Rural,2,Mazandaran,7,61,6588777.778,5722470.588,6148540.542
711,Rural,2,Mazandaran,8,81,7744823.529,6623824.815,7193085.269
734,Rural,2,Mazandaran,9,88,9892931.034,7755882.353,8660691.042
460,Urban,1105,Sh_Zahedan,10,25,70241176.47,12822222.22,23065486.73
495,Rural,20,Semnan,1,27,2136206.897,1215000,1835990.75
515,Rural,20,Semnan,2,31,2653529.412,2186363.636,2463316.13
563,Rural,20,Semnan,3,45,3098684.211,2693902.439,2914754.187
584,Rural,20,Semnan,4,57,3525000,3115806.452,3338219.364
605,Rural,20,Semnan,5,62,3936465.517,3528793.103,3703882.124
637,Rural,20,Semnan,6,57,4457291.667,3943534.483,4189871.351
662,Rural,20,Semnan,7,47,5158117.647,4463793.103,4752604.943
688,Rural,20,Semnan,8,58,6023529.412,5159259.259,5568283.312
728,Rural,20,Semnan,9,50,7556451.613,6059916.667,6798839.519
441,Urban,1304,Sh_Hamedan,10,46,228367647.1,14230645.16,28310764.85
475,Rural,11,Sistan,1,228,1844142.857,537500,1354588.599
507,Rural,11,Sistan,2,94,2263571.429,1852000,2039923.684
558,Rural,11,Sistan,3,60,2645454.545,2279761.905,2443283.728
586,Rural,11,Sistan,4,73,2998823.529,2655500,2811015.835
601,Rural,11,Sistan,5,61,3354545.455,3005000,3183753.073
635,Rural,11,Sistan,6,45,3773684.211,3358823.529,3558524.186
683,Rural,11,Sistan,7,38,4385312.5,3814069.767,4057229.023
714,Rural,11,Sistan,8,31,5156190.476,4418965.517,4713634.427
732,Rural,11,Sistan,9,32,6557954.545,5164583.333,5733083.318
449,Urban,2105,Sh_Yazd,10,18,62149500,15598529.41,23247286.87
476,Rural,23,Tehran,1,9,2809629.63,942000,2363725.926
527,Rural,23,Tehran,2,20,3530000,2965161.29,3278930.096
561,Rural,23,Tehran,3,29,4093611.111,3552187.5,3892509.999
581,Rural,23,Tehran,4,46,4674651.163,4132222.222,4392405.601
623,Rural,23,Tehran,5,51,5205000,4703750,4944090.243
631,Rural,23,Tehran,6,62,5915882.353,5229843.75,5554859.627
677,Rural,23,Tehran,7,63,6816045.455,5937000,6343930.113
705,Rural,23,Tehran,8,81,8022941.176,6858235.294,7382489.17
719,Rural,23,Tehran,9,72,10264117.65,8034545.455,8875885.492
469,Urban,2202,Sh_Bandarabas,10,18,514731000,17443518.52,51101014.26
487,Rural,21,Yazd,1,29,2733500,1207500,2216741.939
528,Rural,21,Yazd,2,34,3388382.353,2859705.882,3163433.893
540,Rural,21,Yazd,3,37,3963750,3405172.414,3670014.874
585,Rural,21,Yazd,4,45,4506496.296,3983870.968,4268909.695
606,Rural,21,Yazd,5,50,5035040,4510294.118,4777495.153
653,Rural,21,Yazd,6,56,5689032.258,5060000,5353217.562
668,Rural,21,Yazd,7,82,6584545.455,5708235.294,6098996.535
702,Rural,21,Yazd,8,76,7736683.333,6604545.455,7136903.321
730,Rural,21,Yazd,9,112,9878823.529,7746931.818,8623511.119
456,Urban,2301,Sh_Tehran,10,166,160092750,31103529.41,45103893.06
472,Rural,19,Zanjan,1,54,2718733.333,537425,1898509.429
520,Rural,19,Zanjan,2,48,3324415.625,2771590.909,3055974.257
537,Rural,19,Zanjan,3,59,3926983.333,3367058.824,3656160.537
582,Rural,19,Zanjan,4,52,4457961.667,3940259.259,4184201.308
610,Rural,19,Zanjan,5,61,4981472.581,4463962.963,4730992.967
646,Rural,19,Zanjan,6,60,5628122.222,4991896.552,5306742.548
665,Rural,19,Zanjan,7,42,6521981.25,5647128.529,6034509.701
689,Rural,19,Zanjan,8,51,7600062.5,6525537.778,6987774.795
742,Rural,19,Zanjan,9,50,9771693.529,7678981,8711890.615
461,Urban,3001,Sh_Karaj,10,55,52453000,18941470.59,28164152.81
