,Region,NewArea,NewArea2,Decile,N,Mean
9,Urban,1,Sh_Arak,1,16,514722.2222
5,Urban,1,Sh_Arak,2,20,714145.8333
8,Urban,1,Sh_Arak,3,20,936250
1,Urban,1,Sh_Arak,4,24,1209984.491
4,Urban,1,Sh_Arak,5,20,1240000
7,Urban,1,Sh_Arak,6,19,1575166.667
3,Urban,1,Sh_Arak,7,10,1860222.222
6,Urban,1,Sh_Arak,8,10,1295839.445
2,Urban,1,Sh_Arak,9,7,1373175.903
10,Urban,1,Sh_Arak,10,3,1724085.668
16,Urban,0,Markazi,1,44,842789.0101
460,Rural,0,Markazi,1,36,65426.66085
15,Urban,0,Markazi,2,41,1032206.79
466,Rural,0,Markazi,2,59,162174.1462
17,Urban,0,Markazi,3,42,1149615.643
462,Rural,0,Markazi,3,56,189371.7025
12,Urban,0,Markazi,4,44,1277089.124
461,Rural,0,Markazi,4,58,504791.366
13,Urban,0,Markazi,5,39,1404581.313
463,Rural,0,Markazi,5,66,571246.5913
14,Urban,0,Markazi,6,50,1581298.219
468,Rural,0,Markazi,6,86,460706.0513
18,Urban,0,Markazi,7,51,1429884.127
464,Rural,0,Markazi,7,88,508889.8707
20,Urban,0,Markazi,8,42,1938571.181
469,Rural,0,Markazi,8,93,618201.3148
11,Urban,0,Markazi,9,50,2464243.274
465,Rural,0,Markazi,9,112,941309.5531
19,Urban,0,Markazi,10,38,3457716.049
467,Rural,0,Markazi,10,189,1542679.14
30,Urban,1,Gilan,1,12,225743.623
26,Urban,1,Gilan,2,18,241741.6805
29,Urban,1,Gilan,3,17,222875.8271
24,Urban,1,Gilan,4,54,420758.6496
25,Urban,1,Gilan,5,40,449706.6886
27,Urban,1,Gilan,6,82,929805.4803
23,Urban,1,Gilan,7,79,1128578.743
22,Urban,1,Gilan,8,105,1303635.965
21,Urban,1,Gilan,9,147,1754475.415
28,Urban,1,Gilan,10,165,2643176.783
38,Urban,2,Mazandaran,2,9,225059.6842
39,Urban,2,Mazandaran,3,2,848229.1667
35,Urban,2,Mazandaran,4,13,1038650.667
36,Urban,2,Mazandaran,5,18,881971.1011
37,Urban,2,Mazandaran,6,29,1192681.22
33,Urban,2,Mazandaran,7,51,1506580.152
34,Urban,2,Mazandaran,8,78,1684693.769
48,Urban,303,Sh_Tabriz,1,24,960743.2866
49,Urban,303,Sh_Tabriz,2,28,527795.8967
51,Urban,303,Sh_Tabriz,3,32,1299424.47
50,Urban,303,Sh_Tabriz,4,36,1518460.032
54,Urban,303,Sh_Tabriz,5,29,1486800.007
57,Urban,303,Sh_Tabriz,6,29,1840877.498
56,Urban,303,Sh_Tabriz,7,27,2099839.434
53,Urban,303,Sh_Tabriz,8,26,1806001.409
52,Urban,303,Sh_Tabriz,9,21,3391235.755
55,Urban,303,Sh_Tabriz,10,40,2608527.134
31,Urban,2,Mazandaran,9,105,1859160.895
32,Urban,2,Mazandaran,10,163,3512010.872
69,Urban,401,Sh_Urmia,1,1,0
67,Urban,401,Sh_Urmia,2,1,478229.1667
65,Urban,401,Sh_Urmia,3,6,913634.3115
64,Urban,401,Sh_Urmia,4,4,1521983.333
66,Urban,401,Sh_Urmia,5,5,130078.8128
63,Urban,401,Sh_Urmia,6,15,319132.2679
61,Urban,401,Sh_Urmia,7,6,252083.3333
60,Urban,401,Sh_Urmia,8,14,633970.5934
68,Urban,401,Sh_Urmia,9,13,790917.1076
62,Urban,401,Sh_Urmia,10,21,1901927.837
59,Urban,3,Az_Sharghi,1,11,277827.1679
479,Rural,3,Az_Sharghi,1,23,330287.379
47,Urban,3,Az_Sharghi,2,16,718377.7825
475,Rural,3,Az_Sharghi,2,22,418193.1009
42,Urban,3,Az_Sharghi,3,20,726031.4458
478,Rural,3,Az_Sharghi,3,38,462515.8057
58,Urban,3,Az_Sharghi,4,19,535425.5506
476,Rural,3,Az_Sharghi,4,51,550916.8561
43,Urban,3,Az_Sharghi,5,28,1508033.305
472,Rural,3,Az_Sharghi,5,60,833332.2084
41,Urban,3,Az_Sharghi,6,28,1286734.076
473,Rural,3,Az_Sharghi,6,65,683723.3881
44,Urban,3,Az_Sharghi,7,37,1614471.869
474,Rural,3,Az_Sharghi,7,76,880530.8572
45,Urban,3,Az_Sharghi,8,46,1604214.395
471,Rural,3,Az_Sharghi,8,79,890048.4429
46,Urban,3,Az_Sharghi,9,47,1740347.148
477,Rural,3,Az_Sharghi,9,107,900424.5874
40,Urban,3,Az_Sharghi,10,58,3052608.545
470,Rural,3,Az_Sharghi,10,153,1604473.995
91,Urban,502,Sh_Kermanshah,1,5,223333.3333
93,Urban,502,Sh_Kermanshah,2,11,517156.25
92,Urban,502,Sh_Kermanshah,3,12,412333.3333
98,Urban,502,Sh_Kermanshah,4,17,362772.4971
96,Urban,502,Sh_Kermanshah,5,25,842055.5556
99,Urban,502,Sh_Kermanshah,6,24,1033879.369
97,Urban,502,Sh_Kermanshah,7,24,1158537.182
90,Urban,502,Sh_Kermanshah,8,22,2069953.239
94,Urban,502,Sh_Kermanshah,9,23,1290327.112
95,Urban,502,Sh_Kermanshah,10,29,3190138.889
79,Urban,4,Az_Gharbi,1,44,218541.6667
483,Rural,4,Az_Gharbi,1,60,47885.19792
76,Urban,4,Az_Gharbi,2,55,276043.9686
480,Rural,4,Az_Gharbi,2,69,92077.36854
78,Urban,4,Az_Gharbi,3,36,310761.153
482,Rural,4,Az_Gharbi,3,69,115768.7168
70,Urban,4,Az_Gharbi,4,51,359749.6918
481,Rural,4,Az_Gharbi,4,58,137037.0556
77,Urban,4,Az_Gharbi,5,52,601803.3768
484,Rural,4,Az_Gharbi,5,63,141517.3495
72,Urban,4,Az_Gharbi,6,62,625774.0245
485,Rural,4,Az_Gharbi,6,65,338927.5193
75,Urban,4,Az_Gharbi,7,47,695733.3333
489,Rural,4,Az_Gharbi,7,74,253941.5581
74,Urban,4,Az_Gharbi,8,40,758356.7687
486,Rural,4,Az_Gharbi,8,60,492560.0719
73,Urban,4,Az_Gharbi,9,38,1481700.516
488,Rural,4,Az_Gharbi,9,56,575589
71,Urban,4,Az_Gharbi,10,13,1240504.684
487,Rural,4,Az_Gharbi,10,43,915519.4875
88,Urban,5,Kermanshah,1,19,272939.071
86,Urban,5,Kermanshah,2,28,402041.9091
491,Rural,5,Kermanshah,2,5,82535.36125
89,Urban,5,Kermanshah,3,30,518880.2718
495,Rural,5,Kermanshah,3,8,218922.9762
85,Urban,5,Kermanshah,4,45,598978.3681
498,Rural,5,Kermanshah,4,13,222777.037
81,Urban,5,Kermanshah,5,44,1106725.944
497,Rural,5,Kermanshah,5,24,153598.1021
82,Urban,5,Kermanshah,6,64,1157506.119
113,Urban,603,Sh_Ahvaz,1,16,136618.9642
119,Urban,603,Sh_Ahvaz,2,13,656629.5435
116,Urban,603,Sh_Ahvaz,3,14,682859.775
110,Urban,603,Sh_Ahvaz,4,14,735870.6345
115,Urban,603,Sh_Ahvaz,5,18,1132884.755
114,Urban,603,Sh_Ahvaz,6,17,2434030.64
112,Urban,603,Sh_Ahvaz,7,16,1356463.24
118,Urban,603,Sh_Ahvaz,8,19,1644694.002
117,Urban,603,Sh_Ahvaz,9,36,2159591.771
111,Urban,603,Sh_Ahvaz,10,52,3480352.503
496,Rural,5,Kermanshah,6,38,380518.0152
83,Urban,5,Kermanshah,7,57,1314851.828
492,Rural,5,Kermanshah,7,70,374323.3333
80,Urban,5,Kermanshah,8,74,1854271.086
490,Rural,5,Kermanshah,8,100,496684.7976
84,Urban,5,Kermanshah,9,69,2039567.333
493,Rural,5,Kermanshah,9,177,423866.3021
87,Urban,5,Kermanshah,10,43,2071551.526
494,Rural,5,Kermanshah,10,273,895602.0595
101,Urban,6,Khoozestan,1,91,518546.2207
139,Urban,707,Sh_Shiraz,1,4,287222.6185
132,Urban,707,Sh_Shiraz,2,7,178915.0943
130,Urban,707,Sh_Shiraz,3,21,853121.6054
131,Urban,707,Sh_Shiraz,4,30,821488.3867
136,Urban,707,Sh_Shiraz,5,33,1131587.867
134,Urban,707,Sh_Shiraz,6,34,1039606.254
138,Urban,707,Sh_Shiraz,7,37,1382458.803
133,Urban,707,Sh_Shiraz,8,33,1777960.377
135,Urban,707,Sh_Shiraz,9,41,1833674.383
137,Urban,707,Sh_Shiraz,10,52,2540531.09
503,Rural,6,Khoozestan,1,23,95480.69138
100,Urban,6,Khoozestan,2,66,649552.3736
500,Rural,6,Khoozestan,2,55,182317.9818
107,Urban,6,Khoozestan,3,71,877163.3046
501,Rural,6,Khoozestan,3,73,246740.4079
103,Urban,6,Khoozestan,4,48,1129078.924
499,Rural,6,Khoozestan,4,87,472074.7693
104,Urban,6,Khoozestan,5,44,1104527.115
502,Rural,6,Khoozestan,5,92,482000.7157
102,Urban,6,Khoozestan,6,37,1327703.114
150,Urban,808,Sh_Kerman,1,20,236250
155,Urban,808,Sh_Kerman,2,14,452540.6857
159,Urban,808,Sh_Kerman,3,9,925383.4249
151,Urban,808,Sh_Kerman,4,9,631746.1793
152,Urban,808,Sh_Kerman,5,10,1824504.054
153,Urban,808,Sh_Kerman,6,9,322170.017
154,Urban,808,Sh_Kerman,7,6,3244391.592
156,Urban,808,Sh_Kerman,8,7,2678070.243
158,Urban,808,Sh_Kerman,9,2,4295416.667
157,Urban,808,Sh_Kerman,10,2,1290416.667
504,Rural,6,Khoozestan,6,86,509660.274
106,Urban,6,Khoozestan,7,30,1654492.02
505,Rural,6,Khoozestan,7,104,749652.9791
105,Urban,6,Khoozestan,8,28,1764212.337
178,Urban,916,Sh_Mashhad,1,17,273978.6715
176,Urban,916,Sh_Mashhad,2,17,766290.2079
179,Urban,916,Sh_Mashhad,3,23,787146.2972
174,Urban,916,Sh_Mashhad,4,37,892584.4722
175,Urban,916,Sh_Mashhad,5,31,849875.9136
172,Urban,916,Sh_Mashhad,6,43,1106642.41
177,Urban,916,Sh_Mashhad,7,40,1245010.01
171,Urban,916,Sh_Mashhad,8,49,1068077.141
173,Urban,916,Sh_Mashhad,9,57,1741939.966
170,Urban,916,Sh_Mashhad,10,74,2246581.68
508,Rural,6,Khoozestan,8,62,438443.3838
109,Urban,6,Khoozestan,9,21,3204823.424
507,Rural,6,Khoozestan,9,73,791275.4109
108,Urban,6,Khoozestan,10,12,3033627.264
506,Rural,6,Khoozestan,10,65,1443410.281
125,Urban,7,Fars,1,64,466759.6651
514,Rural,7,Fars,1,51,249130.5254
124,Urban,7,Fars,2,52,776185.5283
517,Rural,7,Fars,2,73,351118.7943
120,Urban,7,Fars,3,43,796097.1547
516,Rural,7,Fars,3,83,289053.4326
121,Urban,7,Fars,4,45,903028.1176
512,Rural,7,Fars,4,97,433671.4441
123,Urban,7,Fars,5,64,1695371.816
509,Rural,7,Fars,5,82,547046.887
128,Urban,7,Fars,6,44,1514432.115
192,Urban,1002,Sh_Esfahan,1,8,331139.4454
193,Urban,1002,Sh_Esfahan,2,9,1126418.326
191,Urban,1002,Sh_Esfahan,3,15,449226.638
185,Urban,1002,Sh_Esfahan,4,20,691050.7329
189,Urban,1002,Sh_Esfahan,5,27,1390226.844
190,Urban,1002,Sh_Esfahan,6,40,1621347.655
186,Urban,1002,Sh_Esfahan,7,40,2335024.909
187,Urban,1002,Sh_Esfahan,8,61,2215064.303
184,Urban,1002,Sh_Esfahan,9,63,2446457.031
188,Urban,1002,Sh_Esfahan,10,63,3443086.23
515,Rural,7,Fars,6,77,441299.669
122,Urban,7,Fars,7,29,1661190.144
511,Rural,7,Fars,7,89,582872.2996
129,Urban,7,Fars,8,24,1835623.69
510,Rural,7,Fars,8,90,1109300.383
126,Urban,7,Fars,9,23,3373473.455
518,Rural,7,Fars,9,82,766498.9232
127,Urban,7,Fars,10,11,3442033.019
513,Rural,7,Fars,10,69,1751247.519
141,Urban,8,Kerman,1,128,247336.262
523,Rural,8,Kerman,1,77,94541.40688
142,Urban,8,Kerman,2,73,525347.2824
521,Rural,8,Kerman,2,125,208203.8051
140,Urban,8,Kerman,3,62,1025493.016
522,Rural,8,Kerman,3,79,104164.6718
143,Urban,8,Kerman,4,60,801738.3059
520,Rural,8,Kerman,4,73,300362.3769
144,Urban,8,Kerman,5,36,432154.9792
526,Rural,8,Kerman,5,59,147351.0179
145,Urban,8,Kerman,6,21,835934.5127
218,Urban,1105,Sh_Zahedan,1,23,221523.8095
219,Urban,1105,Sh_Zahedan,2,13,268245.8333
216,Urban,1105,Sh_Zahedan,3,12,377960.0832
213,Urban,1105,Sh_Zahedan,4,18,335746.7559
212,Urban,1105,Sh_Zahedan,5,10,258204.9524
215,Urban,1105,Sh_Zahedan,6,7,1247755.721
214,Urban,1105,Sh_Zahedan,7,18,1178657.895
217,Urban,1105,Sh_Zahedan,8,13,1293457.796
211,Urban,1105,Sh_Zahedan,9,11,3744660.227
210,Urban,1105,Sh_Zahedan,10,28,3125597.19
519,Rural,8,Kerman,6,44,286773.8952
147,Urban,8,Kerman,7,16,1271397.273
524,Rural,8,Kerman,7,38,149876.4045
146,Urban,8,Kerman,8,11,755489.694
525,Rural,8,Kerman,8,38,292506.4713
148,Urban,8,Kerman,9,13,684529.6078
527,Rural,8,Kerman,9,29,374499.6352
149,Urban,8,Kerman,10,8,3278484.004
528,Rural,8,Kerman,10,12,709925.6887
164,Urban,9,Khorasan_Razavi,1,39,369353.7707
530,Rural,9,Khorasan_Razavi,1,36,120592.8376
167,Urban,9,Khorasan_Razavi,2,40,569692.1666
538,Rural,9,Khorasan_Razavi,2,54,143887.9339
163,Urban,9,Khorasan_Razavi,3,41,805390.0169
535,Rural,9,Khorasan_Razavi,3,84,265848.4649
162,Urban,9,Khorasan_Razavi,4,45,1158926.42
533,Rural,9,Khorasan_Razavi,4,86,252950.5744
169,Urban,9,Khorasan_Razavi,5,38,798750.8602
536,Rural,9,Khorasan_Razavi,5,80,221780.7874
161,Urban,9,Khorasan_Razavi,6,35,1185548.655
537,Rural,9,Khorasan_Razavi,6,96,370734.7582
165,Urban,9,Khorasan_Razavi,7,34,1826354.664
529,Rural,9,Khorasan_Razavi,7,88,393294.5377
168,Urban,9,Khorasan_Razavi,8,37,2044731.105
532,Rural,9,Khorasan_Razavi,8,95,519867.5606
166,Urban,9,Khorasan_Razavi,9,37,2063353.344
534,Rural,9,Khorasan_Razavi,9,105,789963.0024
160,Urban,9,Khorasan_Razavi,10,31,4409075.273
531,Rural,9,Khorasan_Razavi,10,118,671685.2471
182,Urban,10,Esfahan,1,23,676299.9116
540,Rural,10,Esfahan,1,26,125502.9428
181,Urban,10,Esfahan,2,45,863848.078
539,Rural,10,Esfahan,2,42,261493.711
183,Urban,10,Esfahan,3,45,1327086.74
544,Rural,10,Esfahan,3,68,419382.9849
198,Urban,10,Esfahan,4,45,1471588.781
548,Rural,10,Esfahan,4,57,399147.395
180,Urban,10,Esfahan,5,39,1240367.226
543,Rural,10,Esfahan,5,66,761274.0702
194,Urban,10,Esfahan,6,32,1602844.845
541,Rural,10,Esfahan,6,58,1133105.14
196,Urban,10,Esfahan,7,36,2034293.945
545,Rural,10,Esfahan,7,71,1102538.146
197,Urban,10,Esfahan,8,29,1755464.301
542,Rural,10,Esfahan,8,90,1437146.417
195,Urban,10,Esfahan,9,24,3087424.848
547,Rural,10,Esfahan,9,81,1757468.128
199,Urban,10,Esfahan,10,21,5733417.907
546,Rural,10,Esfahan,10,94,2115001.066
201,Urban,11,Sistan,1,242,95482.1762
550,Rural,11,Sistan,1,308,23727.62511
200,Urban,11,Sistan,2,75,205840.1208
551,Rural,11,Sistan,2,104,22316.01712
205,Urban,11,Sistan,3,66,225476.7032
549,Rural,11,Sistan,3,89,25681.03244
204,Urban,11,Sistan,4,52,264541.4801
556,Rural,11,Sistan,4,56,26701.28096
203,Urban,11,Sistan,5,55,477735.1826
552,Rural,11,Sistan,5,36,94664.71005
207,Urban,11,Sistan,6,45,830863.747
553,Rural,11,Sistan,6,31,41757.47178
208,Urban,11,Sistan,7,34,1043877.318
555,Rural,11,Sistan,7,24,179753.0429
206,Urban,11,Sistan,8,39,1439576.119
554,Rural,11,Sistan,8,15,459206.3819
209,Urban,11,Sistan,9,21,1633861.837
557,Rural,11,Sistan,9,8,1139366.297
202,Urban,11,Sistan,10,19,2007030.37
558,Rural,11,Sistan,10,8,804110.976
223,Urban,12,Kordestan,1,33,375640.9965
568,Rural,12,Kordestan,1,19,92160.77209
222,Urban,12,Kordestan,2,48,452934.4629
567,Rural,12,Kordestan,2,30,102294.3586
224,Urban,12,Kordestan,3,61,616491.9918
566,Rural,12,Kordestan,3,29,330128.5878
221,Urban,12,Kordestan,4,74,754045.9648
564,Rural,12,Kordestan,4,40,268608.2827
220,Urban,12,Kordestan,5,70,649563.4634
559,Rural,12,Kordestan,5,52,522622.3637
225,Urban,12,Kordestan,6,61,688316.2415
241,Urban,1304,Sh_Hamedan,1,6,326770.8333
249,Urban,1304,Sh_Hamedan,2,21,744599.3945
240,Urban,1304,Sh_Hamedan,3,20,479437.1921
242,Urban,1304,Sh_Hamedan,4,16,707016.282
246,Urban,1304,Sh_Hamedan,5,13,1060600.538
244,Urban,1304,Sh_Hamedan,6,23,1377131.522
248,Urban,1304,Sh_Hamedan,7,24,1306519.397
245,Urban,1304,Sh_Hamedan,8,26,1865178.007
247,Urban,1304,Sh_Hamedan,9,26,1378793.162
243,Urban,1304,Sh_Hamedan,10,40,3960507.479
565,Rural,12,Kordestan,6,40,317752.2328
227,Urban,12,Kordestan,7,67,1501966.261
339,Urban,2105,Sh_Yazd,1,12,570334.6528
337,Urban,2105,Sh_Yazd,2,11,782855.3819
334,Urban,2105,Sh_Yazd,3,18,1051854.583
338,Urban,2105,Sh_Yazd,4,13,1577437.5
333,Urban,2105,Sh_Yazd,5,19,2302316.667
331,Urban,2105,Sh_Yazd,6,19,2466670.833
330,Urban,2105,Sh_Yazd,7,31,1718645.833
336,Urban,2105,Sh_Yazd,8,21,1741111.111
332,Urban,2105,Sh_Yazd,9,22,2091465.833
335,Urban,2105,Sh_Yazd,10,17,2418231.667
560,Rural,12,Kordestan,7,34,561100.4741
226,Urban,12,Kordestan,8,47,1140497.518
562,Rural,12,Kordestan,8,33,789219.5985
229,Urban,12,Kordestan,9,28,3894329.723
561,Rural,12,Kordestan,9,25,1149909.351
228,Urban,12,Kordestan,10,16,4559663.915
563,Rural,12,Kordestan,10,14,873677.4483
239,Urban,13,Hamedan,1,17,131995.6319
346,Urban,2202,Sh_Bandarabas,1,56,1038250
348,Urban,2202,Sh_Bandarabas,2,39,1755510.797
343,Urban,2202,Sh_Bandarabas,3,29,1690135.417
345,Urban,2202,Sh_Bandarabas,4,24,1698091.001
342,Urban,2202,Sh_Bandarabas,5,19,2364228.983
344,Urban,2202,Sh_Bandarabas,6,15,2583322.917
350,Urban,2202,Sh_Bandarabas,7,23,2193927.083
347,Urban,2202,Sh_Bandarabas,8,23,3191242.708
349,Urban,2202,Sh_Bandarabas,9,13,4198166.667
351,Urban,2202,Sh_Bandarabas,10,10,3798861.111
578,Rural,13,Hamedan,1,25,10365.66667
233,Urban,13,Hamedan,2,37,252737.6592
574,Rural,13,Hamedan,2,17,52893.9152
232,Urban,13,Hamedan,3,32,549664.5152
575,Rural,13,Hamedan,3,27,134166.7829
231,Urban,13,Hamedan,4,49,497900.1048
577,Rural,13,Hamedan,4,39,160991.3826
237,Urban,13,Hamedan,5,60,639604.695
573,Rural,13,Hamedan,5,37,161112.1673
235,Urban,13,Hamedan,6,83,770078.5221
576,Rural,13,Hamedan,6,53,224651.6248
234,Urban,13,Hamedan,7,70,1007049.463
572,Rural,13,Hamedan,7,68,336341.1097
230,Urban,13,Hamedan,8,70,993641.4176
571,Rural,13,Hamedan,8,74,471790.2698
236,Urban,13,Hamedan,9,83,1165587.27
570,Rural,13,Hamedan,9,102,710793.4301
238,Urban,13,Hamedan,10,50,1883430.696
569,Rural,13,Hamedan,10,154,840216.9508
256,Urban,14,Chaharmahal,1,150,668414.7384
585,Rural,14,Chaharmahal,1,46,224424.3966
250,Urban,14,Chaharmahal,2,116,1027715.569
581,Rural,14,Chaharmahal,2,72,320831.5079
251,Urban,14,Chaharmahal,3,101,1418403.087
584,Rural,14,Chaharmahal,3,77,506708.0594
254,Urban,14,Chaharmahal,4,82,1474656.365
579,Rural,14,Chaharmahal,4,72,636085.6598
255,Urban,14,Chaharmahal,5,63,1809270.024
580,Rural,14,Chaharmahal,5,62,896791.1807
253,Urban,14,Chaharmahal,6,44,2890279.676
583,Rural,14,Chaharmahal,6,37,1000729.097
252,Urban,14,Chaharmahal,7,43,2962500.724
586,Rural,14,Chaharmahal,7,43,1037454.44
259,Urban,14,Chaharmahal,8,33,2379958.678
582,Rural,14,Chaharmahal,8,41,1536604.695
258,Urban,14,Chaharmahal,9,31,3046714.715
587,Rural,14,Chaharmahal,9,22,3260634.126
257,Urban,14,Chaharmahal,10,13,5412348.446
588,Rural,14,Chaharmahal,10,17,1651158.75
269,Urban,15,Lorestan,1,20,103286.963
591,Rural,15,Lorestan,1,10,49657.20821
268,Urban,15,Lorestan,2,33,544622.22
592,Rural,15,Lorestan,2,39,155450.1954
265,Urban,15,Lorestan,3,37,305074.672
590,Rural,15,Lorestan,3,49,103849.2732
267,Urban,15,Lorestan,4,45,766971.5846
596,Rural,15,Lorestan,4,54,195010.7771
264,Urban,15,Lorestan,5,51,834967.3871
589,Rural,15,Lorestan,5,64,169150.0147
260,Urban,15,Lorestan,6,64,1072969.026
595,Rural,15,Lorestan,6,85,258268.726
261,Urban,15,Lorestan,7,73,1162269.416
593,Rural,15,Lorestan,7,77,269997.0622
263,Urban,15,Lorestan,8,57,2062070.955
594,Rural,15,Lorestan,8,75,336591.2376
262,Urban,15,Lorestan,9,48,1717427.796
598,Rural,15,Lorestan,9,61,835607.0361
266,Urban,15,Lorestan,10,45,4091460.017
597,Rural,15,Lorestan,10,59,1074573.444
276,Urban,16,Ilam,1,24,95843.72958
608,Rural,16,Ilam,1,5,221763.8148
277,Urban,16,Ilam,2,42,389337.1386
607,Rural,16,Ilam,2,8,114301.7462
274,Urban,16,Ilam,3,38,307819.2318
604,Rural,16,Ilam,3,15,68752.9672
270,Urban,16,Ilam,4,53,583518.292
603,Rural,16,Ilam,4,23,122635.1702
273,Urban,16,Ilam,5,63,1044469.011
606,Rural,16,Ilam,5,46,103908.596
272,Urban,16,Ilam,6,72,1270725.126
367,Urban,2301,Sh_Tehran,1,55,437452.1778
361,Urban,2301,Sh_Tehran,2,59,760740.0901
369,Urban,2301,Sh_Tehran,3,76,1476366.519
363,Urban,2301,Sh_Tehran,4,84,1784815.714
368,Urban,2301,Sh_Tehran,5,97,1646394.118
362,Urban,2301,Sh_Tehran,6,93,2304238.913
364,Urban,2301,Sh_Tehran,7,108,2518542.077
366,Urban,2301,Sh_Tehran,8,121,2229730.674
365,Urban,2301,Sh_Tehran,9,145,2481037.643
360,Urban,2301,Sh_Tehran,10,178,4584838.605
605,Rural,16,Ilam,6,59,139288.3174
271,Urban,16,Ilam,7,55,1423153.655
600,Rural,16,Ilam,7,61,232921.0644
275,Urban,16,Ilam,8,64,1890026.585
601,Rural,16,Ilam,8,99,368132.4046
279,Urban,16,Ilam,9,40,2288712.121
602,Rural,16,Ilam,9,112,399817.9991
278,Urban,16,Ilam,10,27,4871001.203
599,Rural,16,Ilam,10,100,814130.9077
284,Urban,17,Kohkilooye,1,59,269115.1709
610,Rural,17,Kohkilooye,1,127,72565.15143
280,Urban,17,Kohkilooye,2,83,1009935.64
609,Rural,17,Kohkilooye,2,119,145982.9962
281,Urban,17,Kohkilooye,3,75,597908.0064
612,Rural,17,Kohkilooye,3,95,183426.2478
285,Urban,17,Kohkilooye,4,61,1187343.077
614,Rural,17,Kohkilooye,4,82,228561.9386
283,Urban,17,Kohkilooye,5,64,1068702.624
611,Rural,17,Kohkilooye,5,64,354764.2412
282,Urban,17,Kohkilooye,6,71,2383301.873
615,Rural,17,Kohkilooye,6,39,382418.8209
287,Urban,17,Kohkilooye,7,52,2279183.099
613,Rural,17,Kohkilooye,7,33,469856.8461
289,Urban,17,Kohkilooye,8,34,2771434.921
616,Rural,17,Kohkilooye,8,20,792667.7307
288,Urban,17,Kohkilooye,9,24,2989297.052
617,Rural,17,Kohkilooye,9,6,2421844.301
286,Urban,17,Kohkilooye,10,16,4724972.336
618,Rural,17,Kohkilooye,10,2,589782.3333
296,Urban,18,Booshehr,1,29,171282.8327
624,Rural,18,Booshehr,1,15,112005.1452
298,Urban,18,Booshehr,2,49,343244.6203
626,Rural,18,Booshehr,2,39,206473.9466
295,Urban,18,Booshehr,3,49,541930.1005
623,Rural,18,Booshehr,3,38,424347.4141
293,Urban,18,Booshehr,4,65,715639.3836
627,Rural,18,Booshehr,4,64,372909.4349
294,Urban,18,Booshehr,5,66,1068488.85
620,Rural,18,Booshehr,5,63,702328.5417
292,Urban,18,Booshehr,6,73,1310642.857
622,Rural,18,Booshehr,6,65,707600.9632
299,Urban,18,Booshehr,7,63,1503629.133
628,Rural,18,Booshehr,7,62,817023.3686
297,Urban,18,Booshehr,8,74,1887709.158
625,Rural,18,Booshehr,8,69,1084627.004
291,Urban,18,Booshehr,9,66,3016111.619
619,Rural,18,Booshehr,9,68,1733014.765
290,Urban,18,Booshehr,10,47,3391118.855
621,Rural,18,Booshehr,10,52,2535320.491
307,Urban,19,Zanjan,1,18,224401.0417
637,Rural,19,Zanjan,1,50,261477.0299
303,Urban,19,Zanjan,2,21,514211.4672
638,Rural,19,Zanjan,2,52,467357.8189
300,Urban,19,Zanjan,3,24,486125.7643
631,Rural,19,Zanjan,3,59,697309.22
306,Urban,19,Zanjan,4,49,664133.7366
630,Rural,19,Zanjan,4,58,942470.4254
301,Urban,19,Zanjan,5,47,715072.832
636,Rural,19,Zanjan,5,68,896533.2665
302,Urban,19,Zanjan,6,60,691914.3625
632,Rural,19,Zanjan,6,58,1015865.885
305,Urban,19,Zanjan,7,74,1557786.129
629,Rural,19,Zanjan,7,41,1153388.817
308,Urban,19,Zanjan,8,102,1524692.189
633,Rural,19,Zanjan,8,52,1437242.722
304,Urban,19,Zanjan,9,112,2519387.076
634,Rural,19,Zanjan,9,45,1552671.339
309,Urban,19,Zanjan,10,98,2931804.989
635,Rural,19,Zanjan,10,31,2501527.262
314,Urban,20,Semnan,1,13,138046.9289
640,Rural,20,Semnan,1,19,90621.41379
319,Urban,20,Semnan,2,14,538799.1318
648,Rural,20,Semnan,2,27,274545.8277
317,Urban,20,Semnan,3,24,865885.2016
646,Rural,20,Semnan,3,43,208058.2495
318,Urban,20,Semnan,4,42,911917.4017
642,Rural,20,Semnan,4,54,264893.5706
311,Urban,20,Semnan,5,56,996609.6014
644,Rural,20,Semnan,5,71,320544.1162
310,Urban,20,Semnan,6,65,1277749.885
643,Rural,20,Semnan,6,63,494784.9101
312,Urban,20,Semnan,7,61,1039608.44
641,Rural,20,Semnan,7,46,577083.3333
315,Urban,20,Semnan,8,70,1459512.199
645,Rural,20,Semnan,8,63,690285.3261
316,Urban,20,Semnan,9,71,1465791.53
639,Rural,20,Semnan,9,54,839240.5838
313,Urban,20,Semnan,10,64,1874788.068
647,Rural,20,Semnan,10,39,1055573.573
320,Urban,21,Yazd,1,33,415830.7358
658,Rural,21,Yazd,1,4,131650.974
322,Urban,21,Yazd,2,34,1342304.919
657,Rural,21,Yazd,2,13,896252.5983
328,Urban,21,Yazd,3,38,1428212.399
656,Rural,21,Yazd,3,12,264000.8961
324,Urban,21,Yazd,4,44,1794493.807
653,Rural,21,Yazd,4,20,102912.5
323,Urban,21,Yazd,5,47,1674424.977
652,Rural,21,Yazd,5,31,1322618.696
327,Urban,21,Yazd,6,50,1661011.45
655,Rural,21,Yazd,6,34,601417.7715
321,Urban,21,Yazd,7,55,1800688.083
650,Rural,21,Yazd,7,61,951838.5139
326,Urban,21,Yazd,8,47,2705211.369
654,Rural,21,Yazd,8,84,980028.0854
329,Urban,21,Yazd,9,43,1421390.419
651,Rural,21,Yazd,9,135,1284265.63
325,Urban,21,Yazd,10,30,3943233.48
649,Rural,21,Yazd,10,255,2029325.269
355,Urban,22,Hormozgan,1,115,303107.7898
668,Rural,22,Hormozgan,1,76,127388.8528
341,Urban,22,Hormozgan,2,82,769746.2121
659,Rural,22,Hormozgan,2,58,140657.6554
340,Urban,22,Hormozgan,3,71,1138220.263
661,Rural,22,Hormozgan,3,53,301096.9977
359,Urban,22,Hormozgan,4,70,809543.5247
667,Rural,22,Hormozgan,4,57,282820.6429
354,Urban,22,Hormozgan,5,55,1237909.17
660,Rural,22,Hormozgan,5,51,381192.2238
358,Urban,22,Hormozgan,6,55,2121708.387
665,Rural,22,Hormozgan,6,62,548315.0181
352,Urban,22,Hormozgan,7,53,2303442.763
662,Rural,22,Hormozgan,7,67,764314.2648
356,Urban,22,Hormozgan,8,58,1873362.933
666,Rural,22,Hormozgan,8,79,630366.9469
353,Urban,22,Hormozgan,9,39,2178526.573
664,Rural,22,Hormozgan,9,88,1271038.927
357,Urban,22,Hormozgan,10,46,4564417.712
663,Rural,22,Hormozgan,10,79,2143417.308
379,Urban,23,Tehran,1,80,83853.17366
676,Rural,23,Tehran,1,8,13333.33333
377,Urban,23,Tehran,2,105,175325.9432
675,Rural,23,Tehran,2,17,168697.1329
371,Urban,23,Tehran,3,97,474681.4821
677,Rural,23,Tehran,3,31,69512.68116
378,Urban,23,Tehran,4,57,399172.7154
674,Rural,23,Tehran,4,46,219147.1014
373,Urban,23,Tehran,5,40,340265.6535
669,Rural,23,Tehran,5,60,247508.9606
375,Urban,23,Tehran,6,41,772107.6673
671,Rural,23,Tehran,6,64,248185.1511
374,Urban,23,Tehran,7,37,728873.8798
670,Rural,23,Tehran,7,68,416149.3604
370,Urban,23,Tehran,8,27,566758.5822
673,Rural,23,Tehran,8,86,657350.054
376,Urban,23,Tehran,9,15,782577.8689
672,Rural,23,Tehran,9,66,1154652.267
372,Urban,23,Tehran,10,12,1909092.972
678,Rural,23,Tehran,10,47,1696541.698
383,Urban,24,Ardebil,1,52,523939.0772
688,Rural,24,Ardebil,1,40,133983.7681
386,Urban,24,Ardebil,2,71,478927.1993
686,Rural,24,Ardebil,2,48,293494.7143
387,Urban,24,Ardebil,3,58,743765.7134
681,Rural,24,Ardebil,3,64,412459.9638
384,Urban,24,Ardebil,4,67,1350128.732
680,Rural,24,Ardebil,4,54,418380.8051
388,Urban,24,Ardebil,5,58,1126117.554
684,Rural,24,Ardebil,5,53,725823.8973
385,Urban,24,Ardebil,6,49,1314409.691
682,Rural,24,Ardebil,6,45,1005074.903
382,Urban,24,Ardebil,7,54,1981944.929
679,Rural,24,Ardebil,7,48,485863.0988
380,Urban,24,Ardebil,8,31,2465812.796
683,Rural,24,Ardebil,8,42,1084146.245
389,Urban,24,Ardebil,9,40,2497631.867
687,Rural,24,Ardebil,9,27,1680944.604
381,Urban,24,Ardebil,10,23,4320564.385
685,Rural,24,Ardebil,10,36,1651966.041
390,Urban,25,Ghom,1,46,395174.2627
698,Rural,25,Ghom,1,13,104798.6111
393,Urban,25,Ghom,2,51,582529.23
694,Rural,25,Ghom,2,32,181812.5
392,Urban,25,Ghom,3,59,931623.7068
689,Rural,25,Ghom,3,37,245666.6667
395,Urban,25,Ghom,4,54,1266145.258
693,Rural,25,Ghom,4,34,291104.1667
397,Urban,25,Ghom,5,69,1327711.199
697,Rural,25,Ghom,5,39,234902.7778
396,Urban,25,Ghom,6,58,1617268.507
690,Rural,25,Ghom,6,45,306375
399,Urban,25,Ghom,7,53,1426425.517
696,Rural,25,Ghom,7,38,636233.3333
398,Urban,25,Ghom,8,52,1742295.646
692,Rural,25,Ghom,8,53,673614.5833
391,Urban,25,Ghom,9,52,1703486.851
695,Rural,25,Ghom,9,48,720000
394,Urban,25,Ghom,10,45,4194541.881
691,Rural,25,Ghom,10,51,1208166.667
408,Urban,26,Ghazvin,1,10,590412.3815
708,Rural,26,Ghazvin,1,2,17865.66667
407,Urban,26,Ghazvin,2,22,611503.9318
707,Rural,26,Ghazvin,2,4,40211.34568
405,Urban,26,Ghazvin,3,33,675411.9146
704,Rural,26,Ghazvin,3,17,331877.7912
403,Urban,26,Ghazvin,4,50,1173469.283
706,Rural,26,Ghazvin,4,19,314381.9741
400,Urban,26,Ghazvin,5,60,1561697.358
703,Rural,26,Ghazvin,5,25,861259.9428
401,Urban,26,Ghazvin,6,48,1722510.997
705,Rural,26,Ghazvin,6,39,1161145.974
406,Urban,26,Ghazvin,7,60,2079154.143
702,Rural,26,Ghazvin,7,55,758148.9899
404,Urban,26,Ghazvin,8,50,1785097.443
700,Rural,26,Ghazvin,8,99,701824.8002
402,Urban,26,Ghazvin,9,51,2032918.538
701,Rural,26,Ghazvin,9,140,1516430.237
409,Urban,26,Ghazvin,10,36,3209328.193
699,Rural,26,Ghazvin,10,167,1348371.77
419,Urban,27,Golestan,1,62,273372.3958
715,Rural,27,Golestan,1,21,255050.6366
418,Urban,27,Golestan,2,71,407803.9216
718,Rural,27,Golestan,2,36,345759.6864
417,Urban,27,Golestan,3,80,555936.8626
717,Rural,27,Golestan,3,62,298508.03
414,Urban,27,Golestan,4,105,734165.015
714,Rural,27,Golestan,4,43,367250.7278
412,Urban,27,Golestan,5,133,857832.3883
711,Rural,27,Golestan,5,58,469460.6434
416,Urban,27,Golestan,6,111,877178.9501
716,Rural,27,Golestan,6,77,522854.8778
415,Urban,27,Golestan,7,122,1490488.368
712,Rural,27,Golestan,7,80,585749.2799
413,Urban,27,Golestan,8,113,1498405.021
709,Rural,27,Golestan,8,96,687500.188
410,Urban,27,Golestan,9,141,1756047.466
713,Rural,27,Golestan,9,92,644646.5611
411,Urban,27,Golestan,10,134,3799381.127
710,Rural,27,Golestan,10,110,1597265.625
426,Urban,28,Khorasan_Shomali,1,44,280241.2791
728,Rural,28,Khorasan_Shomali,1,42,60033.77471
421,Urban,28,Khorasan_Shomali,2,63,321627.1926
721,Rural,28,Khorasan_Shomali,2,83,125669.6586
423,Urban,28,Khorasan_Shomali,3,90,643871.5278
724,Rural,28,Khorasan_Shomali,3,96,204066.0788
422,Urban,28,Khorasan_Shomali,4,88,804166.6667
725,Rural,28,Khorasan_Shomali,4,89,425818.039
420,Urban,28,Khorasan_Shomali,5,92,968078.1443
720,Rural,28,Khorasan_Shomali,5,91,536153.5364
424,Urban,28,Khorasan_Shomali,6,83,1166547.164
726,Rural,28,Khorasan_Shomali,6,87,408893.883
427,Urban,28,Khorasan_Shomali,7,83,1389257.793
722,Rural,28,Khorasan_Shomali,7,68,458269.5989
425,Urban,28,Khorasan_Shomali,8,65,1790192.882
727,Rural,28,Khorasan_Shomali,8,54,943899.7396
428,Urban,28,Khorasan_Shomali,9,57,3339753.399
719,Rural,28,Khorasan_Shomali,9,55,608810.3107
429,Urban,28,Khorasan_Shomali,10,47,4355000
723,Rural,28,Khorasan_Shomali,10,30,1175799.958
430,Urban,29,Khorasan_Jonoobi,1,133,289087.6435
736,Rural,29,Khorasan_Jonoobi,1,110,128006.8052
434,Urban,29,Khorasan_Jonoobi,2,91,618302.4934
738,Rural,29,Khorasan_Jonoobi,2,132,153184.7668
431,Urban,29,Khorasan_Jonoobi,3,89,1114988.897
735,Rural,29,Khorasan_Jonoobi,3,81,223831.4405
432,Urban,29,Khorasan_Jonoobi,4,87,1201853.395
729,Rural,29,Khorasan_Jonoobi,4,93,273797.5624
438,Urban,29,Khorasan_Jonoobi,5,60,1079374.453
730,Rural,29,Khorasan_Jonoobi,5,84,314047.2652
436,Urban,29,Khorasan_Jonoobi,6,60,1920455.864
737,Rural,29,Khorasan_Jonoobi,6,55,447548.8623
435,Urban,29,Khorasan_Jonoobi,7,34,2553946.585
732,Rural,29,Khorasan_Jonoobi,7,53,615648.6337
433,Urban,29,Khorasan_Jonoobi,8,30,1817720.07
731,Rural,29,Khorasan_Jonoobi,8,36,773761.2195
437,Urban,29,Khorasan_Jonoobi,9,47,2728335.813
733,Rural,29,Khorasan_Jonoobi,9,31,929318.9295
439,Urban,29,Khorasan_Jonoobi,10,18,2361810
734,Rural,29,Khorasan_Jonoobi,10,30,1255781.56
458,Urban,30,Alborz,1,7,252449.9927
747,Rural,30,Alborz,1,4,50571.09209
455,Urban,30,Alborz,2,16,843679.5022
744,Rural,30,Alborz,2,11,110063.1303
453,Urban,30,Alborz,3,14,1063014.934
745,Rural,30,Alborz,3,18,376362.2558
454,Urban,30,Alborz,4,18,1222438.875
746,Rural,30,Alborz,4,15,217082.4841
451,Urban,30,Alborz,5,3,269014.292
748,Rural,30,Alborz,5,26,304924.1071
457,Urban,30,Alborz,6,8,569166.2465
743,Rural,30,Alborz,6,39,390536.1319
452,Urban,30,Alborz,7,14,1550684.326
739,Rural,30,Alborz,7,77,759476.5065
450,Urban,30,Alborz,8,11,1208252.139
742,Rural,30,Alborz,8,88,663624.6142
456,Urban,30,Alborz,9,4,1091463.473
741,Rural,30,Alborz,9,129,992645.489
459,Urban,30,Alborz,10,4,1151308.457
740,Rural,30,Alborz,10,132,1890368.827
440,Urban,3001,Sh_Karaj,1,12,193789.3827
446,Urban,3001,Sh_Karaj,2,32,601534.7666
444,Urban,3001,Sh_Karaj,3,16,681929.7949
443,Urban,3001,Sh_Karaj,4,24,921810.5855
442,Urban,3001,Sh_Karaj,5,32,1203883.135
448,Urban,3001,Sh_Karaj,6,35,1402278.578
441,Urban,3001,Sh_Karaj,7,35,1410607.105
445,Urban,3001,Sh_Karaj,8,46,1697721.814
449,Urban,3001,Sh_Karaj,9,45,2757287.646
447,Urban,3001,Sh_Karaj,10,44,2885808.372
